date_added,name,year,film_uri,rating,is_liked,is_favorite,prior_mean,prior_sd,match_tier,tmdb_id,tmdb_title,release_date,runtime,poster_path,genres,directors,cast,fetched_at,in_pool
2021-06-07,Joker,2019,https://boxd.it/h4cS,4.0,False,False,0.9903953829468439,0.5,exact_year,475557.0,Joker,2019-10-01,122.0,/udDclJoHjfjb8Ekgsd4FDteOkCU.jpg,Crime|Thriller|Drama,Todd Phillips,Joaquin Phoenix|Robert De Niro|Zazie Beetz|Frances Conroy|Brett Cullen,2026-09-11T11:19:01.189004,True
2021-06-07,Knives Out,2019,https://boxd.it/jWEA,4.0,False,False,0.9903953829468439,0.5,exact_year,546554.0,Knives Out,2019-11-27,131.0,/pThyQovXQrw2m0s9x82twj48Jq4.jpg,Comedy|Crime|Mystery,Rian Johnson,Daniel Craig|Chris Evans|Ana de Armas|Jamie Lee Curtis|Michael Shannon,2026-09-11T11:19:01.400716,True
2021-06-07,Pulp Fiction,1994,https://boxd.it/29Pq,4.0,False,False,0.9903953829468439,0.5,exact_year,680.0,Pulp Fiction,1994-09-10,154.0,/vQWk5YBFWF4bZaofAbv0tShwBvQ.jpg,Thriller|Crime|Comedy,Quentin Tarantino,John Travolta|Samuel L. Jackson|Uma Thurman|Bruce Willis|Ving Rhames,2026-09-11T11:19:01.613754,True
2021-06-07,Spider-Man: Into the Spider-Verse,2018,https://boxd.it/azpY,4.0,False,False,0.9903953829468439,0.5,exact_year,324857.0,Spider-Man: Into the Spider-Verse,2018-12-06,117.0,/iiZZdoQBEYBv6id8su7ImL0oCbD.jpg,Animation|Action|Adventure|Science Fiction,Bob Persichetti|Peter Ramsey|Rodney Rothman,Shameik Moore|Jake Johnson|Hailee Steinfeld|Mahershala Ali|Brian Tyree Henry,2026-09-11T11:19:01.825821,True
2021-06-07,Lady Bird,2017,https://boxd.it/dGNE,5.0,False,True,1.9850597115098378,0.5,exact_year,391713.0,Lady Bird,2017-09-01,94.0,/gl66K7zRdtNYGrxyS2YDUP5ASZd.jpg,Drama|Comedy,Greta Gerwig,Saoirse Ronan|Laurie Metcalf|Tracy Letts|Lucas Hedges|Timothée Chalamet,2026-09-11T11:19:02.046229,True
2021-06-07,The Dark Knight,2008,https://boxd.it/2b0k,5.0,False,False,1.9850597115098378,0.5,exact_year,155.0,The Dark Knight,2008-07-16,152.0,/qJ2tW6WMUDux911r6m7haRef0WH.jpg,Action|Thriller,Christopher Nolan,Christian Bale|Heath Ledger|Aaron Eckhart|Michael Caine|Maggie Gyllenhaal,2026-09-11T11:19:02.263926,True
2021-06-07,Once Upon a Time... in Hollywood,2019,https://boxd.it/gH0O,3.5,False,False,0.4930632186653469,0.5,exact_year,466272.0,Once Upon a Time... in Hollywood,2019-07-24,162.0,/8j58iEBw9pOXFD2L0nt0ZXeHviB.jpg,Comedy|Drama|Thriller,Quentin Tarantino,Leonardo DiCaprio|Brad Pitt|Margot Robbie|Emile Hirsch|Margaret Qualley,2026-09-11T11:19:02.486182,True
2021-06-07,Midsommar,2019,https://boxd.it/jhxe,5.0,False,False,1.9850597115098378,0.5,exact_year,530385.0,Midsommar,2019-07-03,147.0,/7LEI8ulZzO5gy9Ww2NVCrKmHeDZ.jpg,Horror|Drama|Mystery,Ari Aster,Florence Pugh|Jack Reynor|William Jackson Harper|Will Poulter|Vilhelm Blomgren,2026-09-11T11:19:02.694694,True
2021-06-07,La La Land,2016,https://boxd.it/a5fa,5.0,False,True,1.9850597115098378,0.5,exact_year,313369.0,La La Land,2016-12-01,129.0,/uDO8zWDhfWwoFdKS4fzkUJt0Rf0.jpg,Comedy|Drama|Romance,Damien Chazelle,Ryan Gosling|Emma Stone|John Legend|Rosemarie DeWitt|Finn Wittrock,2026-09-11T11:19:02.912174,True
2021-06-07,Avengers: Infinity War,2018,https://boxd.it/9vEe,4.0,False,False,0.9903953829468439,0.5,exact_year,299536.0,Avengers: Infinity War,2018-04-25,149.0,/7WsyChQLEftFiDOVTGkv3hFpyyt.jpg,Adventure|Action|Science Fiction,Joe Russo|Anthony Russo,Robert Downey Jr.|Chris Evans|Chris Hemsworth|Josh Brolin|Mark Ruffalo,2026-09-11T11:19:03.152160,True
2021-06-07,Jojo Rabbit,2019,https://boxd.it/iEBG,3.0,False,False,-0.004268945616150054,0.5,exact_year,515001.0,Jojo Rabbit,2019-10-18,108.0,/1mqL7VG4Ix8wmxwypmCA1HTHBky.jpg,Comedy|War|Drama,Taika Waititi,Roman Griffin Davis|Thomasin McKenzie|Scarlett Johansson|Taika Waititi|Sam Rockwell,2026-09-11T11:19:03.364864,True
2021-06-07,Black Panther,2018,https://boxd.it/8MHs,4.0,False,False,0.9903953829468439,0.5,exact_year,284054.0,Black Panther,2018-02-13,135.0,/uxzzxijgPIY7slzFvMotPv8wjKA.jpg,Action|Adventure|Science Fiction,Ryan Coogler,Chadwick Boseman|Michael B. Jordan|Lupita Nyong'o|Danai Gurira|Martin Freeman,2026-09-11T11:19:03.577634,True
2021-06-07,Avengers: Endgame,2019,https://boxd.it/9vE4,3.0,False,False,-0.004268945616150054,0.5,exact_year,299534.0,Avengers: Endgame,2019-04-24,181.0,/ulzhLuWrPK07P1YkdWQLZnQh1JL.jpg,Adventure|Science Fiction|Action,Anthony Russo|Joe Russo,Robert Downey Jr.|Chris Evans|Mark Ruffalo|Chris Hemsworth|Scarlett Johansson,2026-09-11T11:19:03.785953,True
2021-06-07,Guardians of the Galaxy,2014,https://boxd.it/3VH2,3.0,False,False,-0.004268945616150054,0.5,exact_year,118340.0,Guardians of the Galaxy,2014-07-30,121.0,/r7vmZjiyZw9rpJMQJdXpjgiCOk9.jpg,Action|Science Fiction|Adventure,James Gunn,Chris Pratt|Zoe Saldaña|Dave Bautista|Vin Diesel|Bradley Cooper,2026-09-11T11:19:04.029432,True
2021-06-07,The Social Network,2010,https://boxd.it/17ue,4.0,False,False,0.9903953829468439,0.5,exact_year,37799.0,The Social Network,2010-10-01,121.0,/n0ybibhJtQ5icDqTp8eRytcIHJx.jpg,Drama,David Fincher,Jesse Eisenberg|Andrew Garfield|Armie Hammer|Justin Timberlake|Rooney Mara,2026-09-11T11:19:04.239133,True
2021-06-07,Call Me by Your Name,2017,https://boxd.it/dYmm,2.5,False,False,-0.5016011098976471,0.5,exact_year,398818.0,Call Me by Your Name,2017-10-01,132.0,/gXiE0WveDnT0n5J4sW9TMxXF4oT.jpg,Romance|Drama,Luca Guadagnino,Timothée Chalamet|Armie Hammer|Michael Stuhlbarg|Amira Casar|Esther Garrel,2026-09-11T11:19:04.447483,False
2021-06-07,Little Women,2019,https://boxd.it/aSVk,5.0,False,False,1.9850597115098378,0.5,exact_year,331482.0,Little Women,2019-12-25,135.0,/yn5ihODtZ7ofn8pDYfxCmxh8AXI.jpg,Drama|Romance,Greta Gerwig,Saoirse Ronan|Emma Watson|Florence Pugh|Eliza Scanlen|Laura Dern,2026-09-11T11:19:04.659712,True
2021-06-07,Dunkirk,2017,https://boxd.it/d0Y6,2.0,False,False,-0.998933274179144,0.5,exact_year,374720.0,Dunkirk,2017-07-19,107.0,/b4Oe15CGLL61Ped0RAS9JpqdmCt.jpg,War|Action|Drama,Christopher Nolan,Fionn Whitehead|Tom Hardy|Mark Rylance|Kenneth Branagh|Cillian Murphy,2026-09-11T11:19:04.879490,False
2021-06-07,The Truman Show,1998,https://boxd.it/18U8,3.5,False,False,0.4930632186653469,0.5,exact_year,37165.0,The Truman Show,1998-06-04,103.0,/vuza0WqY239yBXOadKlGwJsZJFE.jpg,Comedy|Drama,Peter Weir,Jim Carrey|Laura Linney|Noah Emmerich|Natascha McElhone|Holland Taylor,2026-09-11T11:19:05.096084,True
2021-06-07,Soul,2020,https://boxd.it/ioLA,4.0,False,False,0.9903953829468439,0.5,exact_year,508442.0,Soul,2020-12-25,101.0,/hm58Jw4Lw8OIeECIq5qyPYhAeRJ.jpg,Animation|Family|Drama|Music|Fantasy,Pete Docter,Jamie Foxx|Tina Fey|Graham Norton|Rachel House|Alice Braga,2026-09-11T11:19:05.307636,True
2021-06-07,Thor: Ragnarok,2017,https://boxd.it/8MHi,4.0,False,False,0.9903953829468439,0.5,exact_year,284053.0,Thor: Ragnarok,2017-10-02,131.0,/rzRwTcFvttcN1ZpX2xv4j3tSdJu.jpg,Action|Science Fiction|Comedy|Adventure,Taika Waititi,Chris Hemsworth|Mark Ruffalo|Tom Hiddleston|Cate Blanchett|Idris Elba,2026-09-11T11:19:05.523959,True
2021-06-07,Forrest Gump,1994,https://boxd.it/728,3.0,False,False,-0.004268945616150054,0.5,exact_year,13.0,Forrest Gump,1994-06-23,142.0,/Cw4hIUIAmSYfK9QfaUW5igp9La.jpg,Comedy|Drama|Romance,Robert Zemeckis,Tom Hanks|Robin Wright|Gary Sinise|Sally Field|Mykelti Williamson,2026-09-11T11:19:05.733824,True
2021-06-07,Star Wars: The Force Awakens,2015,https://boxd.it/4vru,3.0,False,False,-0.004268945616150054,0.5,exact_year,140607.0,Star Wars: The Force Awakens,2015-12-15,136.0,/wqnLdwVXoBjKibFRR5U3y0aDUhs.jpg,Adventure|Action|Science Fiction,J.J. Abrams,Daisy Ridley|John Boyega|Oscar Isaac|Adam Driver|Carrie Fisher,2026-09-11T11:19:05.941001,True
2021-06-07,Star Wars,1977,https://boxd.it/72s,3.0,False,False,-0.004268945616150054,0.5,exact_year,11.0,Star Wars,1977-05-25,121.0,/fai0rspsNeJCS69wHNjOdWxcI7P.jpg,Adventure|Action|Science Fiction,George Lucas,Mark Hamill|Harrison Ford|Carrie Fisher|Peter Cushing|Alec Guinness,2026-09-11T11:19:06.151387,True
2021-06-07,Coco,2017,https://boxd.it/bYJQ,3.0,False,False,-0.004268945616150054,0.5,exact_year,354912.0,Coco,2017-10-27,105.0,/6Ryitt95xrO8KXuqRGm1fUuNwqF.jpg,Family|Animation|Music|Adventure,Lee Unkrich,Anthony Gonzalez|Gael García Bernal|Benjamin Bratt|Alanna Ubach|Renée Victor,2026-09-11T11:19:06.364846,True
2021-06-07,Inside Out,2015,https://boxd.it/4KHC,2.0,False,False,-0.998933274179144,0.5,exact_year,150540.0,Inside Out,2015-06-17,95.0,/2H1TmgdfNtsKlU9jKdeNyYL5y8T.jpg,Animation|Family|Adventure|Drama|Comedy,Pete Docter,Amy Poehler|Phyllis Smith|Richard Kind|Bill Hader|Lewis Black,2026-09-11T11:19:06.577852,False
2021-06-07,Spider-Man: Homecoming,2017,https://boxd.it/aboM,4.0,False,False,0.9903953829468439,0.5,exact_year,315635.0,Spider-Man: Homecoming,2017-07-05,133.0,/c24sv2weTHPsmDa7jEMN0m2P3RT.jpg,Action|Adventure|Science Fiction,Jon Watts,Tom Holland|Michael Keaton|Robert Downey Jr.|Marisa Tomei|Jon Favreau,2026-09-11T11:19:06.794534,True
2021-06-07,The Avengers,2012,https://boxd.it/1xFW,3.0,False,False,-0.004268945616150054,0.5,exact_year,24428.0,The Avengers,2012-04-25,143.0,/RYMX2wcKCBAr24UyPD7xwmjaTn.jpg,Science Fiction|Action|Adventure,Joss Whedon,Robert Downey Jr.|Chris Evans|Mark Ruffalo|Chris Hemsworth|Scarlett Johansson,2026-09-11T11:19:07.008342,True
2021-06-07,Black Swan,2010,https://boxd.it/Sw0,4.5,False,False,1.4877275472283409,0.5,exact_year,44214.0,Black Swan,2010-12-03,108.0,/viWheBd44bouiLCHgNMvahLThqx.jpg,Drama|Thriller|Horror,Darren Aronofsky,Natalie Portman|Mila Kunis|Vincent Cassel|Barbara Hershey|Winona Ryder,2026-09-11T11:19:07.247580,True
2021-06-07,Star Wars: The Last Jedi,2017,https://boxd.it/5xme,2.0,False,False,-0.998933274179144,0.5,exact_year,181808.0,Star Wars: The Last Jedi,2017-12-13,152.0,/ySaaKHOLAQU5HoZqWmzDIj1VvZ1.jpg,Adventure|Action|Science Fiction,Rian Johnson,Mark Hamill|Carrie Fisher|Adam Driver|Daisy Ridley|John Boyega,2026-09-11T11:19:07.458295,False
2021-06-07,The Empire Strikes Back,1980,https://boxd.it/27Vw,4.0,False,False,0.9903953829468439,0.5,exact_year,1891.0,The Empire Strikes Back,1980-05-20,124.0,/nNAeTmF4CtdSgMDplXTDPOpYzsX.jpg,Adventure|Action|Science Fiction,Irvin Kershner,Mark Hamill|Harrison Ford|Carrie Fisher|Billy Dee Williams|Anthony Daniels,2026-09-11T11:19:07.930701,True
2021-06-07,The Shawshank Redemption,1994,https://boxd.it/2aHi,3.5,False,False,0.4930632186653469,0.5,exact_year,278.0,The Shawshank Redemption,1994-09-23,142.0,/9cqNxx0GxF0bflZmeSMuL5tnGzr.jpg,Drama|Crime,Frank Darabont,Tim Robbins|Morgan Freeman|Bob Gunton|William Sadler|Clancy Brown,2026-09-11T11:19:08.136509,True
2021-06-07,Guardians of the Galaxy Vol. 2,2017,https://boxd.it/8MxC,3.0,False,False,-0.004268945616150054,0.5,exact_year,283995.0,Guardians of the Galaxy Vol. 2,2017-04-25,137.0,/y4MBh0EjBlMuOzv9axM4qJlmhzz.jpg,Science Fiction|Adventure|Action,James Gunn,Chris Pratt|Zoe Saldaña|Dave Bautista|Vin Diesel|Bradley Cooper,2026-09-11T11:19:08.348395,True
2021-06-07,Captain America: Civil War,2016,https://boxd.it/89Ja,4.0,False,False,0.9903953829468439,0.5,exact_year,271110.0,Captain America: Civil War,2016-04-27,147.0,/rAGiXaUfPzY7CDEyNKUofk3Kw2e.jpg,Adventure|Action|Science Fiction,Joe Russo|Anthony Russo,Chris Evans|Robert Downey Jr.|Scarlett Johansson|Sebastian Stan|Anthony Mackie,2026-09-11T11:19:08.565407,True
2021-06-07,Ratatouille,2007,https://boxd.it/27ww,3.0,False,False,-0.004268945616150054,0.5,exact_year,2062.0,Ratatouille,2007-06-28,111.0,/t3vaWRPSf6WjDSamIkKDs1iQWna.jpg,Animation|Comedy|Family|Fantasy,Brad Bird,Patton Oswalt|Ian Holm|Lou Romano|Brian Dennehy|Peter Sohn,2026-09-11T11:19:08.776808,True
2021-06-07,Up,2009,https://boxd.it/1OEc,3.0,False,False,-0.004268945616150054,0.5,exact_year,14160.0,Up,2009-05-28,96.0,/mFvoEwSfLqbcWwFsDjQebn9bzFe.jpg,Animation|Comedy|Family|Adventure,Pete Docter,Ed Asner|Christopher Plummer|Jordan Nagai|Bob Peterson|Delroy Lindo,2026-09-11T11:19:09.014092,True
2021-06-07,WALL·E,2008,https://boxd.it/1VEo,2.0,False,False,-0.998933274179144,0.5,exact_year,10681.0,WALL·E,2008-06-26,98.0,/hbhFnRzzg6ZDmm8YAmxBnQpQIPh.jpg,Animation|Family|Science Fiction,Andrew Stanton,Ben Burtt|Elissa Knight|Jeff Garlin|Fred Willard|John Ratzenberger,2026-09-11T11:19:09.221618,False
2021-06-07,Doctor Strange,2016,https://boxd.it/8MH8,3.0,False,False,-0.004268945616150054,0.5,exact_year,284052.0,Doctor Strange,2016-10-25,115.0,/uGBVj3bEbCoZbDjjl9wTxcygko1.jpg,Fantasy|Adventure|Action,Scott Derrickson,Benedict Cumberbatch|Chiwetel Ejiofor|Rachel McAdams|Benedict Wong|Mads Mikkelsen,2026-09-11T11:19:09.431748,True
2021-06-07,Captain America: The Winter Soldier,2014,https://boxd.it/3r58,3.0,False,False,-0.004268945616150054,0.5,exact_year,100402.0,Captain America: The Winter Soldier,2014-03-20,136.0,/tVFRpFw3xTedgPGqxW0AOI8Qhh0.jpg,Action|Adventure|Science Fiction,Joe Russo|Anthony Russo,Chris Evans|Samuel L. Jackson|Scarlett Johansson|Robert Redford|Sebastian Stan,2026-09-11T11:19:09.646599,False
2021-06-07,Spider-Man: Far From Home,2019,https://boxd.it/fegG,3.0,False,False,-0.004268945616150054,0.5,exact_year,429617.0,Spider-Man: Far From Home,2019-06-28,129.0,/4q2NNj4S5dG2RLF9CpXsej7yXl.jpg,Action|Adventure|Science Fiction,Jon Watts,Tom Holland|Jake Gyllenhaal|Samuel L. Jackson|Marisa Tomei|Jon Favreau,2026-09-11T11:19:09.883964,False
2021-06-07,Jurassic Park,1993,https://boxd.it/2aA2,3.0,False,False,-0.004268945616150054,0.5,exact_year,329.0,Jurassic Park,1993-06-11,127.0,/63viWuPfYQjRYLSZSZNq7dglJP5.jpg,Adventure|Science Fiction,Steven Spielberg,Sam Neill|Laura Dern|Jeff Goldblum|Richard Attenborough|Bob Peck,2026-09-11T11:19:10.125995,False
2021-06-07,The Martian,2015,https://boxd.it/8SeG,2.0,False,False,-0.998933274179144,0.5,exact_year,286217.0,The Martian,2015-09-30,141.0,/fASz8A0yFE3QB6LgGoOfwvFSseV.jpg,Science Fiction|Drama|Adventure,Ridley Scott,Matt Damon|Jessica Chastain|Kristen Wiig|Jeff Daniels|Michael Peña,2026-09-11T11:19:10.338110,False
2021-06-07,Iron Man,2008,https://boxd.it/28dA,3.0,False,False,-0.004268945616150054,0.5,exact_year,1726.0,Iron Man,2008-04-30,126.0,/78lPtwv72eTNqFW9COBYI0dWDJa.jpg,Action|Science Fiction|Adventure,Jon Favreau,Robert Downey Jr.|Terrence Howard|Jeff Bridges|Gwyneth Paltrow|Leslie Bibb,2026-09-11T11:19:10.545410,False
2021-06-07,Toy Story,1995,https://boxd.it/29qA,2.5,False,False,-0.5016011098976471,0.5,exact_year,862.0,Toy Story,1995-11-22,81.0,/uXDfjJbdP4ijW5hWSBrPrlKpxab.jpg,Family|Comedy|Animation|Adventure,John Lasseter,Tom Hanks|Tim Allen|Don Rickles|Jim Varney|Wallace Shawn,2026-09-11T11:19:10.753494,False
2021-06-07,Rogue One: A Star Wars Story,2016,https://boxd.it/aPvy,2.0,False,False,-0.998933274179144,0.5,exact_year,330459.0,Rogue One: A Star Wars Story,2016-12-14,133.0,/i0yw1mFbB7sNGHCs7EXZPzFkdA1.jpg,Action|Adventure|Science Fiction,Gareth Edwards,Felicity Jones|Diego Luna|Alan Tudyk|Donnie Yen|Jiang Wen,2026-09-11T11:19:10.961042,False
2021-06-07,The Dark Knight Rises,2012,https://boxd.it/H3m,3.0,False,False,-0.004268945616150054,0.5,exact_year,49026.0,The Dark Knight Rises,2012-07-17,165.0,/hr0L2aueqlP2BYUblTTjmtn0hw4.jpg,Action|Crime|Drama|Thriller,Christopher Nolan,Christian Bale|Gary Oldman|Tom Hardy|Joseph Gordon-Levitt|Anne Hathaway,2026-09-11T11:19:11.182224,False
2021-06-07,Captain Marvel,2019,https://boxd.it/9vSA,3.0,False,False,-0.004268945616150054,0.5,exact_year,299537.0,Captain Marvel,2019-03-06,124.0,/AtsgWhDnHTq68L0lLsUrCnM7TjG.jpg,Action|Adventure|Science Fiction,Ryan Fleck|Anna Boden,Brie Larson|Samuel L. Jackson|Ben Mendelsohn|Jude Law|Annette Bening,2026-09-11T11:19:11.392538,False
2021-06-07,Star Wars: The Rise of Skywalker,2019,https://boxd.it/5xlK,3.0,False,False,-0.004268945616150054,0.5,exact_year,181812.0,Star Wars: The Rise of Skywalker,2019-12-18,142.0,/db32LaOibwEliAmSL2jjDF6oDdj.jpg,Adventure|Action|Science Fiction,J.J. Abrams,Carrie Fisher|Mark Hamill|Daisy Ridley|Adam Driver|John Boyega,2026-09-11T11:19:11.609169,False
2021-06-07,The Incredibles,2004,https://boxd.it/1XLm,2.0,False,False,-0.998933274179144,0.5,exact_year,9806.0,The Incredibles,2004-10-27,115.0,/2LqaLgk4Z226KkgPJuiOQ58wvrm.jpg,Action|Adventure|Animation|Family,Brad Bird,Craig T. Nelson|Holly Hunter|Sarah Vowell|Spencer Fox|Jason Lee,2026-09-11T11:19:11.819609,False
2021-06-07,Wonder Woman,2017,https://boxd.it/9roG,3.0,False,False,-0.004268945616150054,0.5,exact_year,297762.0,Wonder Woman,2017-05-30,141.0,/v4ncgZjG2Zu8ZW5al1vIZTsSjqX.jpg,Action|Adventure|Fantasy,Patty Jenkins,Gal Gadot|Chris Pine|Connie Nielsen|Robin Wright|Danny Huston,2026-09-11T11:19:12.028609,False
2021-06-07,Titanic,1997,https://boxd.it/2a2k,3.5,False,False,0.4930632186653469,0.5,exact_year,597.0,Titanic,1997-12-18,194.0,/9xjZS2rlVxm8SFx8kPC3aIGCOYQ.jpg,Drama|Romance,James Cameron,Leonardo DiCaprio|Kate Winslet|Billy Zane|Kathy Bates|Frances Fisher,2026-09-11T11:19:12.253104,True
2021-06-07,The Perks of Being a Wallflower,2012,https://boxd.it/2ZA8,3.0,False,False,-0.004268945616150054,0.5,exact_year,84892.0,The Perks of Being a Wallflower,2012-09-20,103.0,/aKCvdFFF5n80P2VdS7d8YBwbCjh.jpg,Drama,Stephen Chbosky,Logan Lerman|Emma Watson|Ezra Miller|Mae Whitman|Kate Walsh,2026-09-11T11:19:12.472330,False
2021-06-07,Avengers: Age of Ultron,2015,https://boxd.it/3qi6,2.0,False,False,-0.998933274179144,0.5,exact_year,99861.0,Avengers: Age of Ultron,2015-04-22,141.0,/4ssDuvEDkSArWEdyBl2X5EHvYKU.jpg,Action|Adventure|Science Fiction,Joss Whedon,Robert Downey Jr.|Chris Hemsworth|Mark Ruffalo|Chris Evans|Scarlett Johansson,2026-09-11T11:19:12.705777,False
2021-06-07,Harry Potter and the Prisoner of Azkaban,2004,https://boxd.it/29Qy,4.0,False,False,0.9903953829468439,0.5,exact_year,673.0,Harry Potter and the Prisoner of Azkaban,2004-05-31,141.0,/aWxwnYoe8p2d2fcxOqtvAtJ72Rw.jpg,Adventure|Fantasy,Alfonso Cuarón,Daniel Radcliffe|Rupert Grint|Emma Watson|Robbie Coltrane|Michael Gambon,2026-09-11T11:19:12.917660,True
2021-06-07,Return of the Jedi,1983,https://boxd.it/27Vm,3.0,False,False,-0.004268945616150054,0.5,exact_year,1892.0,Return of the Jedi,1983-05-25,132.0,/jQYlydvHm3kUix1f8prMucrplhm.jpg,Adventure|Action|Science Fiction,Richard Marquand,Mark Hamill|Harrison Ford|Carrie Fisher|Billy Dee Williams|Anthony Daniels,2026-09-11T11:19:13.126258,False
2021-06-07,Finding Nemo,2003,https://boxd.it/72i,2.0,False,False,-0.998933274179144,0.5,exact_year,12.0,Finding Nemo,2003-05-30,100.0,/eHuGQ10FUzK1mdOY69wF5pGgEf5.jpg,Animation|Family|Adventure,Andrew Stanton,Albert Brooks|Ellen DeGeneres|Alexander Gould|Willem Dafoe|Geoffrey Rush,2026-09-11T11:19:13.399604,False
2021-06-07,John Wick,2014,https://boxd.it/7dEc,3.0,False,False,-0.004268945616150054,0.5,exact_year,245891.0,John Wick,2014-10-16,101.0,/wXqWR7dHncNRbxoEGybEy7QTe9h.jpg,Action|Thriller,Chad Stahelski,Keanu Reeves|Michael Nyqvist|Alfie Allen|Willem Dafoe|Dean Winters,2026-09-11T11:19:13.609950,False
2021-06-07,Harry Potter and the Philosopher's Stone,2001,https://boxd.it/29QS,3.0,False,False,-0.004268945616150054,0.5,exact_year,671.0,Harry Potter and the Philosopher's Stone,2001-11-16,152.0,/wuMc08IPKEatf9rnMNXvIDxqP4W.jpg,Adventure|Fantasy,Chris Columbus,Daniel Radcliffe|Rupert Grint|Emma Watson|Richard Harris|Tom Felton,2026-09-11T11:19:13.815979,False
2021-06-07,The Lion King,1994,https://boxd.it/201Q,2.5,False,False,-0.5016011098976471,0.5,exact_year,8587.0,The Lion King,1994-06-15,89.0,/sKCr78MXSLixwmZ8DyJLrpMsd15.jpg,Animation|Family|Drama,Roger Allers|Rob Minkoff,Matthew Broderick|Moira Kelly|Jeremy Irons|Nathan Lane|Ernie Sabella,2026-09-11T11:19:14.026478,False
2021-06-07,Incredibles 2,2018,https://boxd.it/7IPg,2.0,False,False,-0.998933274179144,0.5,exact_year,260513.0,Incredibles 2,2018-06-14,118.0,/9lFKBtaVIhP7E2Pk0IY1CwTKTMZ.jpg,Action|Adventure|Animation|Family,Brad Bird,Craig T. Nelson|Holly Hunter|Sarah Vowell|Huck Milner|Catherine Keener,2026-09-11T11:19:14.240363,False
2021-06-07,Batman Begins,2005,https://boxd.it/2aIg,2.0,False,False,-0.998933274179144,0.5,exact_year,272.0,Batman Begins,2005-06-10,140.0,/sPX89Td70IDDjVr85jdSBb4rWGr.jpg,Drama|Crime|Action,Christopher Nolan,Christian Bale|Michael Caine|Liam Neeson|Katie Holmes|Gary Oldman,2026-09-11T11:19:14.490987,False
2021-06-07,Ant-Man,2015,https://boxd.it/3vmW,3.0,False,False,-0.004268945616150054,0.5,exact_year,102899.0,Ant-Man,2015-07-14,117.0,/rQRnQfUl3kfp78nCWq8Ks04vnq1.jpg,Science Fiction|Adventure|Action,Peyton Reed,Paul Rudd|Michael Douglas|Evangeline Lilly|Corey Stoll|Bobby Cannavale,2026-09-11T11:19:14.717912,False
2021-06-07,"Monsters, Inc.",2001,https://boxd.it/2a46,2.5,False,False,-0.5016011098976471,0.5,exact_year,585.0,"Monsters, Inc.",2001-11-01,92.0,/wFSpyMsp7H0ttERbxY7Trlv8xry.jpg,Animation|Comedy|Family|Fantasy,Pete Docter,John Goodman|Billy Crystal|Mary Gibbs|Steve Buscemi|James Coburn,2026-09-11T11:19:14.932611,False
2021-06-07,"I, Tonya",2017,https://boxd.it/dzR0,4.0,False,False,0.9903953829468439,0.5,exact_year,389015.0,"I, Tonya",2017-12-07,120.0,/6gNXwSHxaksR1PjVZRqNapmkgj3.jpg,Drama|Comedy,Craig Gillespie,Margot Robbie|Sebastian Stan|Allison Janney|Julianne Nicholson|Paul Walter Hauser,2026-09-11T11:19:15.169697,True
2021-06-07,Captain America: The First Avenger,2011,https://boxd.it/28b0,3.0,False,False,-0.004268945616150054,0.5,exact_year,1771.0,Captain America: The First Avenger,2011-07-22,124.0,/vSNxAJTlD0r02V9sPYpOjqDZXUK.jpg,Action|Adventure|Science Fiction,Joe Johnston,Chris Evans|Hayley Atwell|Sebastian Stan|Tommy Lee Jones|Hugo Weaving,2026-09-11T11:19:15.409851,False
2021-06-07,Jaws,1975,https://boxd.it/2a5e,2.0,False,False,-0.998933274179144,0.5,exact_year,578.0,Jaws,1975-06-20,124.0,/lxM6kqilAdpdhqUl2biYp5frUxE.jpg,Horror|Thriller|Adventure,Steven Spielberg,Roy Scheider|Robert Shaw|Richard Dreyfuss|Lorraine Gary|Murray Hamilton,2026-09-11T11:19:15.622192,False
2021-06-07,Zootopia,2016,https://boxd.it/84xS,2.0,False,False,-0.998933274179144,0.5,exact_year,269149.0,Zootopia,2016-02-11,109.0,/hlK0e0wAQ3VLuJcsfIYPvb4JVud.jpg,Animation|Adventure|Family|Comedy,Byron Howard|Rich Moore,Ginnifer Goodwin|Jason Bateman|Idris Elba|Jenny Slate|Nate Torrence,2026-09-11T11:19:15.838447,False
2021-06-07,Catch Me If You Can,2002,https://boxd.it/29VS,3.0,False,False,-0.004268945616150054,0.5,exact_year,640.0,Catch Me If You Can,2002-12-16,141.0,/ctjEj2xM32OvBXCq8zAdK3ZrsAj.jpg,Drama|Crime,Steven Spielberg,Leonardo DiCaprio|Tom Hanks|Christopher Walken|Martin Sheen|Nathalie Baye,2026-09-11T11:19:16.048695,False
2021-06-07,Toy Story 3,2010,https://boxd.it/1WRe,2.0,False,False,-0.998933274179144,0.5,exact_year,10193.0,Toy Story 3,2010-06-16,103.0,/AbbXspMOwdvwWZgVN0nabZq03Ec.jpg,Animation|Family|Comedy,Lee Unkrich,Tom Hanks|Tim Allen|Joan Cusack|Don Rickles|Wallace Shawn,2026-09-11T11:19:16.258398,False
2021-06-07,Harry Potter and the Deathly Hallows: Part 2,2011,https://boxd.it/1RYk,5.0,False,False,1.9850597115098378,0.5,exact_year,12445.0,Harry Potter and the Deathly Hallows: Part 2,2011-07-12,130.0,/c54HpQmuwXjHq2C9wmoACjxoom3.jpg,Adventure|Fantasy,David Yates,Daniel Radcliffe|Emma Watson|Rupert Grint|Ralph Fiennes|Alan Rickman,2026-09-11T11:19:16.469658,True
2021-06-07,Star Wars: Episode III – Revenge of the Sith,2005,https://boxd.it/27US,3.0,False,False,-0.004268945616150054,0.5,exact_year,1895.0,Star Wars: Episode III - Revenge of the Sith,2005-05-17,140.0,/xfSAoBEm9MNBjmlNcDYLvLSMlnq.jpg,Adventure|Action|Science Fiction,George Lucas,Hayden Christensen|Ewan McGregor|Natalie Portman|Ian McDiarmid|Samuel L. Jackson,2026-09-11T11:19:16.685731,False
2021-06-07,Toy Story 4,2019,https://boxd.it/9ALu,2.0,False,False,-0.998933274179144,0.5,exact_year,301528.0,Toy Story 4,2019-06-19,100.0,/w9kR8qbmQ01HwnvK4alvnQ2ca0L.jpg,Family|Comedy|Animation|Adventure,Josh Cooley,Tom Hanks|Tim Allen|Annie Potts|Tony Hale|Keegan-Michael Key,2026-09-11T11:19:16.918200,False
2021-06-07,Harry Potter and the Chamber of Secrets,2002,https://boxd.it/29QI,3.0,False,False,-0.004268945616150054,0.5,exact_year,672.0,Harry Potter and the Chamber of Secrets,2002-11-13,161.0,/sdEOH0992YZ0QSxgXNIGLq1ToUi.jpg,Adventure|Fantasy,Chris Columbus,Daniel Radcliffe|Rupert Grint|Emma Watson|Kenneth Branagh|Toby Jones,2026-09-11T11:19:17.284403,False
2021-06-07,Harry Potter and the Goblet of Fire,2005,https://boxd.it/29Qo,4.0,False,False,0.9903953829468439,0.5,exact_year,674.0,Harry Potter and the Goblet of Fire,2005-11-16,157.0,/fECBtHlr0RB3foNHDiCBXeg9Bv9.jpg,Adventure|Fantasy,Mike Newell,Daniel Radcliffe|Rupert Grint|Emma Watson|Brendan Gleeson|Michael Gambon,2026-09-11T11:19:17.496439,True
2021-06-07,Iron Man 3,2013,https://boxd.it/2cBQ,2.0,False,False,-0.998933274179144,0.5,exact_year,68721.0,Iron Man 3,2013-04-18,130.0,/qhPtAc1TKbMPqNvcdXSOn9Bn7hZ.jpg,Action|Adventure|Science Fiction,Shane Black,Robert Downey Jr.|Gwyneth Paltrow|Don Cheadle|Guy Pearce|Rebecca Hall,2026-09-11T11:19:18.006685,False
2021-06-07,Ferris Bueller's Day Off,1986,https://boxd.it/1YPY,2.0,False,False,-0.998933274179144,0.5,exact_year,9377.0,Ferris Bueller's Day Off,1986-06-11,103.0,/9LTQNCvoLsKXP0LtaKAaYVtRaQL.jpg,Comedy,John Hughes,Matthew Broderick|Alan Ruck|Mia Sara|Jeffrey Jones|Jennifer Grey,2026-09-11T11:19:18.555001,False
2021-06-07,Shrek,2001,https://boxd.it/29zi,0.5,False,False,-2.4909297670236348,0.5,exact_year,808.0,Shrek,2001-05-18,90.0,/iB64vpL3dIObOtMZgX3RqdVdQDc.jpg,Animation|Comedy|Fantasy|Adventure|Family,Andrew Adamson|Vicky Jenson,Mike Myers|Eddie Murphy|Cameron Diaz|John Lithgow|Vincent Cassel,2026-09-11T11:19:19.058788,False
2021-06-07,Star Wars: Episode I – The Phantom Menace,1999,https://boxd.it/27Vc,2.0,False,False,-0.998933274179144,0.5,exact_year,1893.0,Star Wars: Episode I - The Phantom Menace,1999-05-19,136.0,/6wkfovpn7Eq8dYNKaG5PY3q2oq6.jpg,Adventure|Action|Science Fiction,George Lucas,Liam Neeson|Ewan McGregor|Natalie Portman|Jake Lloyd|Ian McDiarmid,2026-09-11T11:19:19.436508,False
2021-06-07,Raiders of the Lost Ark,1981,https://boxd.it/2bbs,3.0,False,False,-0.004268945616150054,0.5,exact_year,85.0,Raiders of the Lost Ark,1981-06-12,115.0,/ceG9VzoRAVGwivFU403Wc3AHRys.jpg,Adventure|Action,Steven Spielberg,Harrison Ford|Karen Allen|Paul Freeman|John Rhys-Davies|Ronald Lacey,2026-09-11T11:19:19.894525,False
2021-06-07,(500) Days of Summer,2009,https://boxd.it/1EmM,2.0,False,False,-0.998933274179144,0.5,exact_year,19913.0,(500) Days of Summer,2009-07-17,95.0,/qXAuQ9hF30sQRsXf40OfRVl0MJZ.jpg,Comedy|Drama|Romance,Marc Webb,Joseph Gordon-Levitt|Zooey Deschanel|Geoffrey Arend|Chloë Grace Moretz|Matthew Gray Gubler,2026-09-11T11:19:20.143911,False
2021-06-07,Home Alone,1990,https://boxd.it/29Fg,1.0,False,False,-1.993597602742138,0.5,exact_year,771.0,Home Alone,1990-11-16,103.0,/onTSipZ8R3bliBdKfPtsDuHTdlL.jpg,Comedy|Family,Chris Columbus,Macaulay Culkin|Joe Pesci|Daniel Stern|John Heard|Roberts Blossom,2026-09-11T11:19:20.352947,False
2021-06-07,Thor,2011,https://boxd.it/1WQU,2.0,False,False,-0.998933274179144,0.5,exact_year,10195.0,Thor,2011-04-21,115.0,/prSfAi1xGrhLQNxVSUFh61xQ4Qy.jpg,Adventure|Fantasy|Action,Kenneth Branagh,Chris Hemsworth|Natalie Portman|Tom Hiddleston|Anthony Hopkins|Stellan Skarsgård,2026-09-11T11:19:20.565469,False
2021-06-07,Moana,2016,https://boxd.it/8tfY,3.0,False,False,-0.004268945616150054,0.5,exact_year,277834.0,Moana,2016-10-13,107.0,/4JeejGugONWpJkbnvL12hVoYEDa.jpg,Adventure|Comedy|Family|Animation,John Musker|Ron Clements,Auliʻi Cravalho|Dwayne Johnson|Rachel House|Temuera Morrison|Jemaine Clement,2026-09-11T11:19:20.773915,False
2021-06-07,10 Things I Hate About You,1999,https://boxd.it/23AO,4.0,False,False,0.9903953829468439,0.5,exact_year,4951.0,10 Things I Hate About You,1999-03-30,97.0,/ujERk3aKABXU3NDXOAxEQYTHe9A.jpg,Comedy|Romance|Drama,Gil Junger,Heath Ledger|Julia Stiles|Joseph Gordon-Levitt|Larisa Oleynik|David Krumholtz,2026-09-11T11:19:20.979777,True
2021-06-07,The Hunger Games,2012,https://boxd.it/2uds,4.0,False,False,0.9903953829468439,0.5,exact_year,70160.0,The Hunger Games,2012-03-12,142.0,/apa5G43Hha7kH7wJG0gkkHT7FA9.jpg,Science Fiction|Adventure|Action|Thriller,Gary Ross,Jennifer Lawrence|Josh Hutcherson|Liam Hemsworth|Woody Harrelson|Elizabeth Banks,2026-09-11T11:19:21.361221,True
2021-06-07,Ant-Man and the Wasp,2018,https://boxd.it/cqUW,3.0,False,False,-0.004268945616150054,0.5,exact_year,363088.0,Ant-Man and the Wasp,2018-07-04,119.0,/cFQEO687n1K6umXbInzocxcnAQz.jpg,Action|Adventure|Science Fiction,Peyton Reed,Paul Rudd|Evangeline Lilly|Michael Douglas|Hannah John-Kamen|Randall Park,2026-09-11T11:19:21.577791,False
2021-06-07,Iron Man 2,2010,https://boxd.it/1WZM,3.0,False,False,-0.004268945616150054,0.5,exact_year,10138.0,Iron Man 2,2010-04-28,124.0,/6WBeq4fCfn7AN0o21W9qNcRF2l9.jpg,Adventure|Action|Science Fiction,Jon Favreau,Robert Downey Jr.|Gwyneth Paltrow|Don Cheadle|Scarlett Johansson|Sam Rockwell,2026-09-11T11:19:21.788696,False
2021-06-07,Die Hard,1988,https://boxd.it/2a7u,3.5,False,False,0.4930632186653469,0.5,exact_year,562.0,Die Hard,1988-07-15,132.0,/7Bjd8kfmDSOzpmhySpEhkUyK2oH.jpg,Action|Thriller,John McTiernan,Bruce Willis|Alan Rickman|Alexander Godunov|Bonnie Bedelia|Reginald VelJohnson,2026-09-11T11:19:22.004077,True
2021-06-07,Harry Potter and the Order of the Phoenix,2007,https://boxd.it/29Qe,2.0,False,False,-0.998933274179144,0.5,exact_year,675.0,Harry Potter and the Order of the Phoenix,2007-07-08,138.0,/5aOyriWkPec0zUDxmHFP9qMmBaj.jpg,Adventure|Fantasy,David Yates,Daniel Radcliffe|Rupert Grint|Emma Watson|Imelda Staunton|Helena Bonham Carter,2026-09-11T11:19:22.202785,False
2021-06-07,Toy Story 2,1999,https://boxd.it/29qq,2.0,False,False,-0.998933274179144,0.5,exact_year,863.0,Toy Story 2,1999-10-30,92.0,/4rbcp3ng8n1MKHjpeqW0L7Fnpzz.jpg,Animation|Comedy|Family,John Lasseter,Tom Hanks|Tim Allen|Joan Cusack|Kelsey Grammer|Don Rickles,2026-09-11T11:19:22.408050,False
2021-06-07,Harry Potter and the Deathly Hallows: Part 1,2010,https://boxd.it/1RYu,4.0,False,False,0.9903953829468439,0.5,exact_year,12444.0,Harry Potter and the Deathly Hallows: Part 1,2010-11-17,146.0,/iGoXIpQb7Pot00EEdwpwPajheZ5.jpg,Adventure|Fantasy,David Yates,Daniel Radcliffe|Emma Watson|Rupert Grint|Toby Jones|Helena Bonham Carter,2026-09-11T11:19:22.614396,True
2021-06-07,Star Wars: Episode II – Attack of the Clones,2002,https://boxd.it/27V2,2.0,False,False,-0.998933274179144,0.5,exact_year,1894.0,Star Wars: Episode II - Attack of the Clones,2002-05-15,142.0,/oZNPzxqM2s5DyVWab09NTQScDQt.jpg,Adventure|Action|Science Fiction,George Lucas,Hayden Christensen|Ewan McGregor|Natalie Portman|Christopher Lee|Samuel L. Jackson,2026-09-11T11:19:22.826604,False
2021-06-07,The Great Gatsby,2013,https://boxd.it/JY,4.0,False,False,0.9903953829468439,0.5,exact_year,64682.0,The Great Gatsby,2013-05-09,143.0,/nimh1rrDDLhgpG8XAYoUZXHYwb6.jpg,Drama|Romance,Baz Luhrmann,Leonardo DiCaprio|Tobey Maguire|Carey Mulligan|Joel Edgerton|Elizabeth Debicki,2026-09-11T11:19:23.037345,True
2021-06-07,Harry Potter and the Half-Blood Prince,2009,https://boxd.it/29FU,4.0,False,False,0.9903953829468439,0.5,exact_year,767.0,Harry Potter and the Half-Blood Prince,2009-07-15,153.0,/z7uo9zmQdQwU5ZJHFpv2Upl30i1.jpg,Adventure|Fantasy,David Yates,Daniel Radcliffe|Rupert Grint|Emma Watson|Jim Broadbent|Michael Gambon,2026-09-11T11:19:23.251572,True
2021-06-07,Mean Girls,2004,https://boxd.it/1VNg,3.0,False,False,-0.004268945616150054,0.5,exact_year,10625.0,Mean Girls,2004-04-30,97.0,/2ZkuQXvVhh45uSvkBej4S7Ix1NJ.jpg,Drama|Comedy,Mark Waters,Lindsay Lohan|Rachel McAdams|Lizzy Caplan|Lacey Chabert|Amanda Seyfried,2026-09-11T11:19:23.457558,False
2021-06-07,Big Hero 6,2014,https://boxd.it/5rje,3.0,False,False,-0.004268945616150054,0.5,exact_year,177572.0,Big Hero 6,2014-10-24,102.0,/2mxS4wUimwlLmI1xp6QW6NSU361.jpg,Adventure|Family|Animation|Action|Comedy,Don Hall|Chris Williams,Scott Adsit|Ryan Potter|Daniel Henney|T.J. Miller|Jamie Chung,2026-09-11T11:19:23.663111,False
2021-06-07,Frozen,2013,https://boxd.it/3GNa,3.0,False,False,-0.004268945616150054,0.5,exact_year,109445.0,Frozen,2013-11-20,102.0,/itAKcobTYGpYT8Phwjd8c9hleTo.jpg,Animation|Family|Adventure|Fantasy,Jennifer Lee|Chris Buck,Kristen Bell|Idina Menzel|Jonathan Groff|Josh Gad|Santino Fontana,2026-09-11T11:19:23.883120,False
2021-06-07,E.T. the Extra-Terrestrial,1982,https://boxd.it/2a1G,4.0,False,False,0.9903953829468439,0.5,exact_year,601.0,E.T. the Extra-Terrestrial,1982-06-11,115.0,/an0nD6uq6byfxXCfk6lQBzdL2J1.jpg,Adventure|Science Fiction|Family,Steven Spielberg,Henry Thomas|Drew Barrymore|Robert MacNaughton|Peter Coyote|Dee Wallace,2026-09-11T11:19:24.098924,True
2021-06-07,The Nightmare Before Christmas,1993,https://boxd.it/1YzQ,1.0,False,False,-1.993597602742138,0.5,exact_year,9479.0,The Nightmare Before Christmas,1993-10-09,76.0,/oQffRNjK8e19rF7xVYEN8ew0j7b.jpg,Fantasy|Animation|Family,Henry Selick,Danny Elfman|Chris Sarandon|Catherine O'Hara|William Hickey|Glenn Shadix,2026-09-11T11:19:24.310086,False
2021-06-07,Jurassic World,2015,https://boxd.it/4n0g,2.0,False,False,-0.998933274179144,0.5,exact_year,135397.0,Jurassic World,2015-06-06,124.0,/rhr4y79GpxQF9IsfJItRXVaoGs4.jpg,Adventure|Science Fiction|Thriller|Action,Colin Trevorrow,Chris Pratt|Bryce Dallas Howard|Irrfan Khan|Vincent D'Onofrio|Ty Simpkins,2026-09-11T11:19:24.525789,False
2021-06-07,Fantastic Beasts and Where to Find Them,2016,https://boxd.it/7FPC,2.0,False,False,-0.998933274179144,0.5,exact_year,259316.0,Fantastic Beasts and Where to Find Them,2016-11-16,133.0,/h6NYfVUyM6CDURtZSnBpz647Ldd.jpg,Fantasy|Adventure,David Yates,Eddie Redmayne|Katherine Waterston|Dan Fogler|Alison Sudol|Colin Farrell,2026-09-11T11:19:24.731343,False
2021-06-07,Thor: The Dark World,2013,https://boxd.it/2DqA,1.0,False,False,-1.993597602742138,0.5,exact_year,76338.0,Thor: The Dark World,2013-10-30,112.0,/wp6OxE4poJ4G7c0U2ZIXasTSMR7.jpg,Action|Adventure|Fantasy,Alan Taylor,Chris Hemsworth|Natalie Portman|Tom Hiddleston|Christopher Eccleston|Anthony Hopkins,2026-09-11T11:19:24.952265,False
2021-06-07,Batman v Superman: Dawn of Justice,2016,https://boxd.it/6fBW,2.0,False,False,-0.998933274179144,0.5,exact_year,209112.0,Batman v Superman: Dawn of Justice,2016-03-23,152.0,/5UsK3grJvtQrtzEgqNlDljJW96w.jpg,Action|Adventure|Fantasy,Zack Snyder,Ben Affleck|Henry Cavill|Jesse Eisenberg|Gal Gadot|Amy Adams,2026-09-11T11:19:25.193303,False
2021-06-07,Clueless,1995,https://boxd.it/1Ygk,3.5,False,False,0.4930632186653469,0.5,exact_year,9603.0,Clueless,1995-07-19,97.0,/8AwVTcgpTnmeOs4TdTWqcFDXEsA.jpg,Comedy|Romance,Amy Heckerling,Alicia Silverstone|Stacey Dash|Brittany Murphy|Paul Rudd|Donald Faison,2026-09-11T11:19:25.404497,True
2021-06-07,The Hunger Games: Catching Fire,2013,https://boxd.it/3sAw,4.0,False,False,0.9903953829468439,0.5,exact_year,101299.0,The Hunger Games: Catching Fire,2013-11-15,146.0,/vrQHDXjVmbYzadOXQ0UaObunoy2.jpg,Adventure|Action|Science Fiction,Francis Lawrence,Jennifer Lawrence|Josh Hutcherson|Liam Hemsworth|Woody Harrelson|Elizabeth Banks,2026-09-11T11:19:25.616501,True
2021-06-07,Aquaman,2018,https://boxd.it/9ru0,2.0,False,False,-0.998933274179144,0.5,exact_year,297802.0,Aquaman,2018-12-07,143.0,/ufl63EFcc5XpByEV2Ecdw6WJZAI.jpg,Action|Adventure|Fantasy,James Wan,Jason Momoa|Amber Heard|Willem Dafoe|Patrick Wilson|Nicole Kidman,2026-09-11T11:19:25.820365,False
2021-06-07,Tangled,2010,https://boxd.it/15gO,4.0,False,False,0.9903953829468439,0.5,exact_year,38757.0,Tangled,2010-11-24,100.0,/ym7Kst6a4uodryxqbGOxmewF235.jpg,Animation|Family|Adventure,Byron Howard|Nathan Greno,Mandy Moore|Zachary Levi|Donna Murphy|Ron Perlman|M.C. Gainey,2026-09-11T11:19:26.034588,True
2021-06-07,Shrek 2,2004,https://boxd.it/29z8,2.0,False,False,-0.998933274179144,0.5,exact_year,809.0,Shrek 2,2004-05-19,92.0,/2yYP0PQjG8zVqturh1BAqu2Tixl.jpg,Animation|Comedy|Family|Fantasy|Romance,Conrad Vernon|Kelly Asbury|Andrew Adamson,Mike Myers|Eddie Murphy|Cameron Diaz|Julie Andrews|Antonio Banderas,2026-09-11T11:19:26.240192,False
2021-06-07,The Lego Movie,2014,https://boxd.it/4pDO,1.0,False,False,-1.993597602742138,0.5,exact_year,137106.0,The Lego Movie,2014-02-06,100.0,/lbctonEnewCYZ4FYoTZhs8cidAl.jpg,Animation|Family|Adventure|Comedy|Fantasy,Phil Lord|Christopher Miller,Chris Pratt|Elizabeth Banks|Will Ferrell|Morgan Freeman|Will Arnett,2026-09-11T11:19:26.455138,False
2021-06-07,The Devil Wears Prada,2006,https://boxd.it/2awE,3.0,False,False,-0.004268945616150054,0.5,exact_year,350.0,The Devil Wears Prada,2006-06-29,109.0,/8912AsVuS7Sj915apArUFbv6F9L.jpg,Drama|Comedy,David Frankel,Meryl Streep|Anne Hathaway|Emily Blunt|Stanley Tucci|Simon Baker,2026-09-11T11:19:26.694752,False
2021-06-07,Ocean's Eight,2018,https://boxd.it/eaai,4.0,False,False,0.9903953829468439,0.5,exact_year,402900.0,Ocean's Eight,2018-06-07,111.0,/MvYpKlpFukTivnlBhizGbkAe3v.jpg,Crime|Comedy|Action,Gary Ross,Sandra Bullock|Cate Blanchett|Anne Hathaway|Mindy Kaling|Sarah Paulson,2026-09-11T11:19:26.901716,True
2021-06-07,Wonder Woman 1984,2020,https://boxd.it/gBtA,2.0,False,False,-0.998933274179144,0.5,exact_year,464052.0,Wonder Woman 1984,2020-12-16,151.0,/8UlWHLMpgZm9bx6QYh0NFoq67TZ.jpg,Action|Adventure|Fantasy,Patty Jenkins,Gal Gadot|Chris Pine|Kristen Wiig|Pedro Pascal|Robin Wright,2026-09-11T11:19:27.108073,False
2021-06-07,The Queen's Gambit,2020,https://boxd.it/s1Ym,4.0,False,False,0.9903953829468439,0.5,,,,,,,,,,,False
2021-06-07,The Princess Bride,1987,https://boxd.it/26EY,2.0,False,False,-0.998933274179144,0.5,exact_year,2493.0,The Princess Bride,1987-09-25,99.0,/2FC9L9MrjBoGHYjYZjdWQdopVYb.jpg,Adventure|Fantasy|Romance|Family,Rob Reiner,Cary Elwes|Robin Wright|Mandy Patinkin|Chris Sarandon|Christopher Guest,2026-09-11T11:19:27.591369,False
2021-06-07,Ghostbusters,1984,https://boxd.it/g2w,3.0,False,False,-0.004268945616150054,0.5,exact_year,620.0,Ghostbusters,1984-06-08,105.0,/7E8nLijS9AwwUEPu2oFYOVKhdFA.jpg,Comedy|Fantasy,Ivan Reitman,Bill Murray|Dan Aykroyd|Sigourney Weaver|Harold Ramis|Rick Moranis,2026-09-11T11:19:27.794347,False
2021-06-07,Crazy Rich Asians,2018,https://boxd.it/gfnK,4.5,False,False,1.4877275472283409,0.5,exact_year,455207.0,Crazy Rich Asians,2018-08-15,121.0,/1XxL4LJ5WHdrcYcihEZUCgNCpAW.jpg,Comedy|Romance,Jon M. Chu,Constance Wu|Henry Golding|Michelle Yeoh|Gemma Chan|Lisa Lu,2026-09-11T11:19:28.007719,True
2021-06-07,Pride & Prejudice,2005,https://boxd.it/24u8,3.0,False,False,-0.004268945616150054,0.5,exact_year,4348.0,Pride & Prejudice,2005-09-16,128.0,/o8UhmEbWPHmTUxP0lMuCoqNkbB3.jpg,Drama|Romance,Joe Wright,Keira Knightley|Matthew Macfadyen|Brenda Blethyn|Rosamund Pike|Carey Mulligan,2026-09-11T11:19:28.240157,False
2021-06-07,Man of Steel,2013,https://boxd.it/FRk,2.0,False,False,-0.998933274179144,0.5,exact_year,49521.0,Man of Steel,2013-06-12,143.0,/8GFtkImmK0K1VaUChR0n9O61CFU.jpg,Action|Adventure|Science Fiction,Zack Snyder,Henry Cavill|Amy Adams|Michael Shannon|Diane Lane|Russell Crowe,2026-09-11T11:19:28.447454,False
2021-06-07,How to Train Your Dragon,2010,https://boxd.it/1WRy,3.0,False,False,-0.004268945616150054,0.5,exact_year,10191.0,How to Train Your Dragon,2010-03-18,98.0,/ygGmAO60t8GyqUo9xYeYxSZAR3b.jpg,Fantasy|Adventure|Animation|Family,Chris Sanders|Dean DeBlois,Jay Baruchel|Gerard Butler|Craig Ferguson|America Ferrera|Jonah Hill,2026-09-11T11:19:28.661301,False
2021-06-07,The Greatest Showman,2017,https://boxd.it/acjI,3.0,False,False,-0.004268945616150054,0.5,exact_year,316029.0,The Greatest Showman,2017-12-20,105.0,/b9CeobiihCx1uG1tpw8hXmpi7nm.jpg,Drama,Michael Gracey,Hugh Jackman|Zac Efron|Michelle Williams|Rebecca Ferguson|Zendaya,2026-09-11T11:19:28.877587,False
2021-06-07,Aladdin,1992,https://boxd.it/29yE,3.0,False,False,-0.004268945616150054,0.5,exact_year,812.0,Aladdin,1992-11-25,91.0,/eLFfl7vS8dkeG1hKp5mwbm37V83.jpg,Animation|Family|Adventure|Fantasy|Romance,Ron Clements|John Musker,Scott Weinger|Robin Williams|Linda Larkin|Jonathan Freeman|Gilbert Gottfried,2026-09-11T11:19:29.092184,False
2021-06-07,Mamma Mia!,2008,https://boxd.it/1Tnq,4.0,False,False,0.9903953829468439,0.5,exact_year,11631.0,Mamma Mia!,2008-07-03,108.0,/xYLiCWmAMHJubx5jNZ7HuXKjAbV.jpg,Comedy|Romance,Phyllida Lloyd,Amanda Seyfried|Meryl Streep|Pierce Brosnan|Colin Firth|Stellan Skarsgård,2026-09-11T11:19:29.308254,True
2021-06-07,Twilight,2008,https://boxd.it/1Zui,3.0,False,False,-0.004268945616150054,0.5,exact_year,8966.0,Twilight,2008-11-20,122.0,/3Gkb6jm6962ADUPaCBqzz9CTbn9.jpg,Fantasy|Drama|Romance,Catherine Hardwicke,Kristen Stewart|Robert Pattinson|Billy Burke|Peter Facinelli|Ashley Greene,2026-09-11T11:19:29.524284,False
2021-06-07,Justice League,2017,https://boxd.it/4w68,2.0,False,False,-0.998933274179144,0.5,exact_year,141052.0,Justice League,2017-11-15,120.0,/eifGNCSDuxJeS1loAXil5bIGgvC.jpg,Action|Adventure|Science Fiction,Zack Snyder|Joss Whedon,Ben Affleck|Henry Cavill|Amy Adams|Gal Gadot|Ezra Miller,2026-09-11T11:19:29.744259,False
2021-06-07,Brave,2012,https://boxd.it/bVG,3.0,False,False,-0.004268945616150054,0.5,exact_year,62177.0,Brave,2012-06-21,93.0,/1XAuDtMWpL0sYSFK0R6EZate2Ux.jpg,Adventure|Animation|Family|Fantasy,Brenda Chapman|Mark Andrews,Kelly Macdonald|Emma Thompson|Billy Connolly|Julie Walters|Robbie Coltrane,2026-09-11T11:19:29.965729,False
2021-06-07,The Amazing Spider-Man,2012,https://boxd.it/27PI,3.0,False,False,-0.004268945616150054,0.5,exact_year,1930.0,The Amazing Spider-Man,2012-06-23,136.0,/jexoNYnPd6vVrmygwF6QZmWPFdu.jpg,Action|Adventure|Science Fiction,Marc Webb,Andrew Garfield|Emma Stone|Rhys Ifans|Denis Leary|Martin Sheen,2026-09-11T11:19:30.188370,False
2021-06-07,Zack Snyder's Justice League,2021,https://boxd.it/tLOk,1.0,False,False,-1.993597602742138,0.5,exact_year,791373.0,Zack Snyder's Justice League,2021-03-18,242.0,/tnAuB8q5vv7Ax9UAEje5Xi4BXik.jpg,Action|Adventure|Fantasy,Zack Snyder,Ben Affleck|Henry Cavill|Gal Gadot|Ray Fisher|Jason Momoa,2026-09-11T11:19:30.400928,False
2021-06-07,Now You See Me,2013,https://boxd.it/2Bsu,4.0,False,False,0.9903953829468439,0.5,exact_year,75656.0,Now You See Me,2013-05-29,116.0,/tWsNYbrqy1p1w6K9zRk0mSchztT.jpg,Thriller|Crime,Louis Leterrier,Jesse Eisenberg|Woody Harrelson|Isla Fisher|Dave Franco|Mark Ruffalo,2026-09-11T11:19:30.611625,True
2021-06-07,Hidden Figures,2016,https://boxd.it/dgS4,3.0,False,False,-0.004268945616150054,0.5,exact_year,381284.0,Hidden Figures,2016-12-10,127.0,/9lfz2W2uGjyow3am00rsPJ8iOyq.jpg,Drama|History,Theodore Melfi,Taraji P. Henson|Octavia Spencer|Janelle Monáe|Kevin Costner|Kirsten Dunst,2026-09-11T11:19:30.823730,False
2021-06-07,Frozen II,2019,https://boxd.it/aPvo,2.0,False,False,-0.998933274179144,0.5,exact_year,330457.0,Frozen II,2019-11-20,103.0,/mINJaa34MtknCYl5AjtNJzWj8cD.jpg,Family|Animation|Adventure|Comedy|Fantasy,Jennifer Lee|Chris Buck,Kristen Bell|Idina Menzel|Josh Gad|Evan Rachel Wood|Jonathan Groff,2026-09-11T11:19:31.027350,False
2021-06-07,Cars,2006,https://boxd.it/29ho,2.0,False,False,-0.998933274179144,0.5,exact_year,920.0,Cars,2006-06-08,117.0,/2Touk3m5gzsqr1VsvxypdyHY5ci.jpg,Animation|Adventure|Comedy|Family,John Lasseter,Owen Wilson|Paul Newman|Bonnie Hunt|Larry the Cable Guy|Cheech Marin,2026-09-11T11:19:31.230997,False
2021-06-07,Monsters University,2013,https://boxd.it/bQm,3.0,False,False,-0.004268945616150054,0.5,exact_year,62211.0,Monsters University,2013-06-19,104.0,/y7thwJ7z5Bplv6vwl6RI0yteaDD.jpg,Animation|Family|Comedy|Fantasy,Dan Scanlon,Billy Crystal|John Goodman|Steve Buscemi|Helen Mirren|Peter Sohn,2026-09-11T11:19:31.435885,False
2021-06-07,Heathers,1989,https://boxd.it/26x4,3.5,False,False,0.4930632186653469,0.5,exact_year,2640.0,Heathers,1989-03-31,103.0,/dGbVfM4WlM7uvIbyRehfPZUIgp2.jpg,Comedy|Crime,Michael Lehmann,Winona Ryder|Christian Slater|Shannen Doherty|Lisanne Falk|Kim Walker,2026-09-11T11:19:31.641633,True
2021-06-07,The Hunger Games: Mockingjay – Part 1,2014,https://boxd.it/4hka,3.0,False,False,-0.004268945616150054,0.5,exact_year,131631.0,The Hunger Games: Mockingjay - Part 1,2014-11-19,123.0,/4FAA18ZIja70d1Tu5hr5cj2q1sB.jpg,Science Fiction|Adventure|Thriller,Francis Lawrence,Jennifer Lawrence|Josh Hutcherson|Liam Hemsworth|Woody Harrelson|Elizabeth Banks,2026-09-11T11:19:31.880752,False
2021-06-07,Beauty and the Beast,2017,https://boxd.it/ar0c,4.0,False,False,0.9903953829468439,0.5,exact_year,321612.0,Beauty and the Beast,2017-03-16,129.0,/hKegSKIDep2ewJWPUQD7u0KqFIp.jpg,Family|Fantasy|Romance,Bill Condon,Emma Watson|Dan Stevens|Luke Evans|Kevin Kline|Emma Thompson,2026-09-11T11:19:32.089849,True
2021-06-07,Beauty and the Beast,1991,https://boxd.it/1XhG,2.0,False,False,-0.998933274179144,0.5,exact_year,10020.0,Beauty and the Beast,1991-10-22,84.0,/hUJ0UvQ5tgE2Z9WpfuduVSdiCiU.jpg,Romance|Family|Animation|Fantasy,Gary Trousdale|Kirk Wise,Paige O'Hara|Robby Benson|Richard White|Jerry Orbach|David Ogden Stiers,2026-09-11T11:19:32.307584,False
2021-06-07,Big Fish,2003,https://boxd.it/2a3M,2.0,False,False,-0.998933274179144,0.5,exact_year,587.0,Big Fish,2003-12-10,125.0,/tjK063yCgaBAluVU72rZ6PKPH2l.jpg,Adventure|Fantasy|Drama,Tim Burton,Ewan McGregor|Albert Finney|Billy Crudup|Jessica Lange|Helena Bonham Carter,2026-09-11T11:19:32.539586,False
2021-06-07,Grease,1978,https://boxd.it/29YW,2.0,False,False,-0.998933274179144,0.5,exact_year,621.0,Grease,1978-06-16,110.0,/2rM7fQKpb7cs1Iq7IBqub9LFDzJ.jpg,Romance|Comedy,Randal Kleiser,Olivia Newton-John|John Travolta|Stockard Channing|Jeff Conaway|Barry Pearl,2026-09-11T11:19:32.743902,False
2021-06-07,Elf,2003,https://boxd.it/1VyK,2.0,False,False,-0.998933274179144,0.5,exact_year,10719.0,Elf,2003-11-07,97.0,/oOleziEempUPu96jkGs0Pj6tKxj.jpg,Comedy|Family|Fantasy,Jon Favreau,Will Ferrell|James Caan|Bob Newhart|Ed Asner|Mary Steenburgen,2026-09-11T11:19:32.949322,False
2021-06-07,Love Actually,2003,https://boxd.it/2aeU,4.5,False,True,1.4877275472283409,0.5,exact_year,508.0,Love Actually,2003-09-07,135.0,/7QPeVsr9rcFU9Gl90yg0gTOTpVv.jpg,Comedy|Romance|Drama,Richard Curtis,Hugh Grant|Alan Rickman|Emma Thompson|Liam Neeson|Martine McCutcheon,2026-09-11T11:19:33.163521,True
2021-06-07,Kung Fu Panda,2008,https://boxd.it/1Yws,3.0,False,False,-0.004268945616150054,0.5,exact_year,9502.0,Kung Fu Panda,2008-06-04,90.0,/wWt4JYXTg5Wr3xBW2phBrMKgp3x.jpg,Action|Animation|Comedy|Family,Mark Osborne|John Stevenson,Jack Black|Dustin Hoffman|Angelina Jolie|Ian McShane|Seth Rogen,2026-09-11T11:19:33.355339,False
2021-06-07,Emma.,2020,https://boxd.it/kmg0,2.5,False,False,-0.5016011098976471,0.5,exact_year,556678.0,Emma.,2020-02-13,125.0,/uHpHzbHLSsVmAuuGuQSpyVDZmDc.jpg,Comedy|Romance|Drama,Autumn de Wilde,Anya Taylor-Joy|Johnny Flynn|Josh O'Connor|Callum Turner|Mia Goth,2026-09-11T11:19:33.559588,False
2021-06-07,Cast Away,2000,https://boxd.it/20i8,2.0,False,False,-0.998933274179144,0.5,exact_year,8358.0,Cast Away,2000-12-22,143.0,/7lLJgKnAicAcR5UEuo8xhSMj18w.jpg,Adventure|Drama,Robert Zemeckis,Tom Hanks|Helen Hunt|Nick Searcy|Jenifer Lewis|Geoffrey Blake,2026-09-11T11:19:33.761719,False
2021-06-07,Hugo,2011,https://boxd.it/R08,3.0,False,False,-0.004268945616150054,0.5,exact_year,44826.0,Hugo,2011-11-22,126.0,/1dxRq3o3l3bVWNRvvSb7rRf68qp.jpg,Adventure|Drama|Family,Martin Scorsese,Asa Butterfield|Ben Kingsley|Chloë Grace Moretz|Sacha Baron Cohen|Ray Winstone,2026-09-11T11:19:33.964407,False
2021-06-07,Friends: The Reunion,2021,https://boxd.it/pOQq,2.0,False,False,-0.998933274179144,0.5,exact_year,691179.0,Friends: The Reunion,2021-05-27,104.0,/bT3c4TSOP8vBmMoXZRDPTII6eDa.jpg,Documentary|Comedy,Ben Winston,Jennifer Aniston|Courteney Cox|Lisa Kudrow|Matt LeBlanc|Matthew Perry,2026-09-11T11:19:34.170309,False
2021-06-07,13 Going on 30,2004,https://boxd.it/1X6e,2.5,False,False,-0.5016011098976471,0.5,exact_year,10096.0,13 Going on 30,2004-04-13,98.0,/iNZdSIfhSCMtRILDNyhLn8UKeSG.jpg,Comedy|Fantasy|Romance,Gary Winick,Jennifer Garner|Mark Ruffalo|Judy Greer|Andy Serkis|Kathy Baker,2026-09-11T11:19:34.373858,False
2021-06-07,Pitch Perfect,2012,https://boxd.it/3OsE,3.0,False,False,-0.004268945616150054,0.5,exact_year,114150.0,Pitch Perfect,2012-09-28,112.0,/gsFoJk9g8W3zgaipRrrURk7LbiF.jpg,Comedy|Music|Romance,Jason Moore,Anna Kendrick|Anna Camp|Brittany Snow|Skylar Astin|Rebel Wilson,2026-09-11T11:19:34.576675,False
2021-06-07,Paddington,2014,https://boxd.it/3RKw,2.0,False,False,-0.998933274179144,0.5,exact_year,116149.0,Paddington,2014-11-24,95.0,/wpchRGhRhvhtU083PfX2yixXtiw.jpg,Comedy|Adventure|Family,Paul King,Ben Whishaw|Hugh Bonneville|Sally Hawkins|Madeleine Harris|Samuel Joslin,2026-09-11T11:19:34.785711,False
2021-06-07,The Notebook,2004,https://boxd.it/1UNE,3.0,False,False,-0.004268945616150054,0.5,exact_year,11036.0,The Notebook,2004-06-25,123.0,/rNzQyW4f8B8cQeg7Dgj3n6eT5k9.jpg,Romance|Drama,Nick Cassavetes,Ryan Gosling|Rachel McAdams|Gena Rowlands|James Garner|Joan Allen,2026-09-11T11:19:34.996685,False
2021-06-07,The Parent Trap,1998,https://boxd.it/1XJq,2.0,False,False,-0.998933274179144,0.5,exact_year,9820.0,The Parent Trap,1998-07-28,128.0,/p4dGmi8u9W0HHyVXcgWPoiFfKTF.jpg,Comedy|Family|Romance,Nancy Meyers,Lindsay Lohan|Dennis Quaid|Natasha Richardson|Elaine Hendrix|Lisa Ann Walter,2026-09-11T11:19:35.202858,False
2021-06-07,Matilda,1996,https://boxd.it/1VhY,1.0,False,False,-1.993597602742138,0.5,exact_year,10830.0,Matilda,1996-08-02,98.0,/wYoDpWInsBEVSmWStnRH06ddoyk.jpg,Comedy|Family|Fantasy,Danny DeVito,Mara Wilson|Danny DeVito|Rhea Perlman|Embeth Davidtz|Pam Ferris,2026-09-11T11:19:35.412362,False
2021-06-07,Mamma Mia! Here We Go Again,2018,https://boxd.it/gnfO,2.5,False,False,-0.5016011098976471,0.5,exact_year,458423.0,Mamma Mia! Here We Go Again,2018-07-18,114.0,/aWicerX4Y7n7tUwRAVHsVcBBpj2.jpg,Comedy|Romance,Ol Parker,Amanda Seyfried|Lily James|Pierce Brosnan|Colin Firth|Stellan Skarsgård,2026-09-11T11:19:35.626469,False
2021-06-07,The Princess Diaries,2001,https://boxd.it/1XCO,2.0,False,False,-0.998933274179144,0.5,exact_year,9880.0,The Princess Diaries,2001-08-03,115.0,/7axhsbEzFan6HQQ1aMOy7w3CFRx.jpg,Comedy|Family|Romance,Garry Marshall,Anne Hathaway|Julie Andrews|Heather Matarazzo|Caroline Goodall|Héctor Elizondo,2026-09-11T11:19:35.833639,False
2021-06-07,Enola Holmes,2020,https://boxd.it/hX2o,2.5,False,False,-0.5016011098976471,0.5,exact_year,497582.0,Enola Holmes,2020-09-22,124.0,/riYInlsq2kf1AWoGm80JQW5dLKp.jpg,Adventure|Mystery|Crime,Harry Bradbeer,Millie Bobby Brown|Henry Cavill|Sam Claflin|Helena Bonham Carter|Louis Partridge,2026-09-11T11:19:36.059793,False
2021-06-07,Dirty Dancing,1987,https://boxd.it/2baY,2.5,False,False,-0.5016011098976471,0.5,exact_year,88.0,Dirty Dancing,1987-08-21,100.0,/9Jw6jys7q9gjzVX5zm1z0gC8gY9.jpg,Drama|Music|Romance,Emile Ardolino,Jennifer Grey|Patrick Swayze|Jerry Orbach|Cynthia Rhodes|Jack Weston,2026-09-11T11:19:36.261133,False
2021-06-07,The Hunger Games: Mockingjay – Part 2,2015,https://boxd.it/4hk0,3.5,False,False,0.4930632186653469,0.5,exact_year,131634.0,The Hunger Games: Mockingjay - Part 2,2015-11-18,137.0,/lImKHDfExAulp16grYm8zD5eONE.jpg,Action|Adventure|Science Fiction,Francis Lawrence,Jennifer Lawrence|Josh Hutcherson|Liam Hemsworth|Woody Harrelson|Elizabeth Banks,2026-09-11T11:19:36.471997,True
2021-06-07,The Princess and the Frog,2009,https://boxd.it/1WQq,3.0,False,False,-0.004268945616150054,0.5,exact_year,10198.0,The Princess and the Frog,2009-12-08,98.0,/yprv5PbnEksoVj2v6XEnDBg9joR.jpg,Animation|Romance|Fantasy|Family,Ron Clements|John Musker,Anika Noni Rose|Bruno Campos|Jim Cummings|Michael-Leon Wooley|Keith David,2026-09-11T11:19:36.710643,False
2021-06-07,Hamilton,2020,https://boxd.it/kmvE,4.5,False,False,1.4877275472283409,0.5,exact_year,723212.0,Hamilton: History Has Its Eyes On You,2020-07-10,46.0,/khGZJ70XgR9lU8LvnBvUOaw8lZk.jpg,Documentary,Thomas Kail,Robin Roberts|Lin-Manuel Miranda|Thomas Kail|Christopher Jackson|Leslie Odom Jr.,2026-09-11T11:19:36.915705,True
2021-06-07,The Maze Runner,2014,https://boxd.it/5YPM,3.0,False,False,-0.004268945616150054,0.5,exact_year,198663.0,The Maze Runner,2014-09-10,113.0,/ode14q7WtDugFDp78fo9lCsmay9.jpg,Action|Mystery|Science Fiction|Thriller,Wes Ball,Dylan O'Brien|Kaya Scodelario|Thomas Brodie-Sangster|Ki Hong Lee|Will Poulter,2026-09-11T11:19:37.146429,False
2021-06-07,WandaVision,2021,https://boxd.it/sbGW,3.5,False,False,0.4930632186653469,0.5,,,,,,,,,,,False
2021-06-07,To All the Boys I've Loved Before,2018,https://boxd.it/gHec,2.0,False,False,-0.998933274179144,0.5,exact_year,466282.0,To All the Boys I've Loved Before,2018-08-17,100.0,/hKHZhUbIyUAjcSrqJThFGYIR6kI.jpg,Comedy|Romance,Susan Johnson,Lana Condor|Noah Centineo|Israel Broussard|Janel Parrish|Anna Cathcart,2026-09-11T11:19:37.571935,False
2021-06-07,Maze Runner: The Death Cure,2018,https://boxd.it/bakw,3.5,False,False,0.4930632186653469,0.5,exact_year,336843.0,Maze Runner: The Death Cure,2018-01-10,143.0,/s8K0US4tUEoOrQ1LDh0eppuwGDx.jpg,Science Fiction|Action|Adventure|Thriller,Wes Ball,Dylan O'Brien|Kaya Scodelario|Thomas Brodie-Sangster|Ki Hong Lee|Dexter Darden,2026-09-11T11:19:37.773537,True
2021-06-07,Wonder,2017,https://boxd.it/ekeY,2.5,False,False,-0.5016011098976471,0.5,exact_year,297762.0,Wonder Woman,2017-05-30,141.0,/v4ncgZjG2Zu8ZW5al1vIZTsSjqX.jpg,Action|Adventure|Fantasy,Patty Jenkins,Gal Gadot|Chris Pine|Connie Nielsen|Robin Wright|Danny Huston,2026-09-11T11:19:12.028609,False
2021-06-07,Happy Death Day,2017,https://boxd.it/fDz4,1.0,False,False,-1.993597602742138,0.5,exact_year,440021.0,Happy Death Day,2017-10-12,97.0,/cTaEIUYTt52ooq9quVbAQ7NpGwo.jpg,Comedy|Horror|Mystery,Christopher Landon,Jessica Rothe|Israel Broussard|Charles Aitken|Ruby Modine|Blaine Kern III,2026-09-11T11:19:38.175964,False
2021-06-07,Sing,2016,https://boxd.it/b5EQ,4.0,False,False,0.9903953829468439,0.5,exact_year,335797.0,Sing,2016-11-23,108.0,/rwopfpHqPCYBSgBuZwkaXXqHp14.jpg,Animation|Comedy|Family|Music,Garth Jennings,Matthew McConaughey|Reese Witherspoon|Seth MacFarlane|Scarlett Johansson|John C. Reilly,2026-09-11T11:19:38.377811,True
2021-06-07,Me Before You,2016,https://boxd.it/9n98,3.5,False,False,0.4930632186653469,0.5,exact_year,296096.0,Me Before You,2016-06-01,110.0,/Ia3dzj5LnCj1ZBdlVeJrbKJQxG.jpg,Drama|Romance,Thea Sharrock,Emilia Clarke|Sam Claflin|Janet McTeer|Charles Dance|Brendan Coyle,2026-09-11T11:19:38.578769,True
2021-06-07,Maze Runner: The Scorch Trials,2015,https://boxd.it/9hwA,2.5,False,False,-0.5016011098976471,0.5,exact_year,294254.0,Maze Runner: The Scorch Trials,2015-09-09,131.0,/mYw7ZyejqSCPFlrT2jHZOESZDU3.jpg,Science Fiction|Action|Thriller|Adventure,Wes Ball,Dylan O'Brien|Kaya Scodelario|Thomas Brodie-Sangster|Giancarlo Esposito|Ki Hong Lee,2026-09-11T11:19:38.779206,False
2021-06-08,The Strange Thing About the Johnsons,2011,https://boxd.it/56nO,2.5,False,False,-0.5016011098976471,0.5,exact_year,164052.0,The Strange Thing About the Johnsons,2011-01-22,30.0,/ac2GXs7rJ7eQBKcvjRA3VDSNxA4.jpg,Drama|Horror,Ari Aster,Billy Mayo|Brandon Greenhouse|Angela Bullock|Carlon Jeffery|Connie Jackson,2026-09-11T11:19:38.989992,False
2021-06-16,Bo Burnham: Inside,2021,https://boxd.it/v2uy,3.0,False,False,-0.004268945616150054,0.5,exact_year,823754.0,Bo Burnham: Inside,2021-07-22,88.0,/ku1UvTWYvhFQbSesOD6zteY7bXT.jpg,Comedy,Bo Burnham,Bo Burnham,2026-09-11T11:19:39.202227,False
2021-06-22,In the Heights,2021,https://boxd.it/gLhu,2.0,False,False,-0.998933274179144,0.5,exact_year,467909.0,In the Heights,2021-06-10,143.0,/RO4KoJyoQMQzh9z76d4v4FJMmJ.jpg,Drama|Romance,Jon M. Chu,Anthony Ramos|Corey Hawkins|Leslie Grace|Melissa Barrera|Olga Merediz,2026-09-11T11:19:39.416644,False
2021-06-22,Cruella,2021,https://boxd.it/bbKg,3.5,False,False,0.4930632186653469,0.5,exact_year,337404.0,Cruella,2021-05-26,134.0,/hjS9mH8KvRiGHgjk6VUZH7OT0Ng.jpg,Comedy|Crime|Family,Craig Gillespie,Emma Stone|Emma Thompson|Joel Fry|Paul Walter Hauser|John McCrea,2026-09-11T11:19:39.649920,True
2021-06-24,Loki,2021,https://boxd.it/sbHg,3.0,False,False,-0.004268945616150054,0.5,exact_year,846214.0,"The Good, the Bart, and the Loki",2021-07-07,6.0,/rtMdtzywcAGOrF6t8fbxJBqpdcq.jpg,Animation|Comedy|Family,David Silverman,Tom Hiddleston|Dan Castellaneta|Nancy Cartwright|Yeardley Smith|Maurice LaMarche,2026-09-11T11:19:39.860312,False
2021-06-27,Scott Pilgrim vs. the World,2010,https://boxd.it/1Aq6,3.5,False,False,0.4930632186653469,0.5,exact_year,22538.0,Scott Pilgrim vs. the World,2010-08-12,113.0,/g5IoYeudx9XBEfwNL0fHvSckLBz.jpg,Action|Comedy|Romance,Edgar Wright,Michael Cera|Mary Elizabeth Winstead|Ellen Wong|Kieran Culkin|Alison Pill,2026-09-11T11:19:40.077363,True
2021-06-28,Remember Me,2010,https://boxd.it/1zyI,3.5,False,False,0.4930632186653469,0.5,exact_year,23169.0,Remember Me,2010-03-11,113.0,/j7umuMiLCHvWT7wYhFKJOTFSokF.jpg,Drama|Romance,Allen Coulter,Robert Pattinson|Emilie de Ravin|Pierce Brosnan|Lena Olin|Chris Cooper,2026-09-11T11:19:40.294809,True
2021-06-28,The Meg,2018,https://boxd.it/bAL4,2.0,False,False,-0.998933274179144,0.5,exact_year,345940.0,The Meg,2018-08-08,113.0,/eyWICPcxOuTcDDDbTMOZawoOn8d.jpg,Action|Science Fiction|Horror,Jon Turteltaub,Jason Statham|Li Bingbing|Rainn Wilson|Cliff Curtis|Ruby Rose,2026-09-11T11:19:40.507797,False
2021-06-29,Whiplash,2014,https://boxd.it/7bQA,4.0,False,False,0.9903953829468439,0.5,exact_year,244786.0,Whiplash,2014-10-10,107.0,/7fn624j5lj3xTme2SgiLCeuedmO.jpg,Drama|Music|Thriller,Damien Chazelle,Miles Teller|J.K. Simmons|Paul Reiser|Melissa Benoist|Austin Stowell,2026-09-11T11:19:40.717386,True
2021-07-09,Black Widow,2021,https://boxd.it/hWV8,3.5,False,False,0.4930632186653469,0.5,exact_year,497698.0,Black Widow,2021-07-07,134.0,/qAZ0pzat24kLdO3o8ejmbLxyOac.jpg,Action|Adventure|Science Fiction,Cate Shortland,Scarlett Johansson|Florence Pugh|Rachel Weisz|David Harbour|Ray Winstone,2026-09-11T11:19:40.926606,True
2021-07-20,Face 2 Face,2016,https://boxd.it/gSAy,1.5,False,False,-1.496265438460641,0.5,exact_year,504824.0,Face Off: The Studio,2016-04-29,90.0,/s0WNlyHoCf2Kq23PwS6TdnSZCzx.jpg,Action,Lý Hải,Lý Hải|Hứa Minh Đạt|Hiếu Nguyễn|Hoàng Sơn|Mai Huỳnh,2026-09-11T11:19:41.135872,False
2021-07-22,The Boss Baby: Family Business,2021,https://boxd.it/goWY,2.0,False,False,-0.998933274179144,0.5,exact_year,459151.0,The Boss Baby: Family Business,2021-07-01,107.0,/aQ7huOn3F0iJCJrFezS8p9WEsri.jpg,Animation|Comedy|Adventure|Family,Tom McGrath,James Marsden|Alec Baldwin|Amy Sedaris|Ariana Greenblatt|Jeff Goldblum,2026-09-11T11:19:41.339771,False
2021-07-26,Luca,2021,https://boxd.it/ipjC,1.5,False,False,-1.496265438460641,0.5,exact_year,508943.0,Luca,2021-06-17,95.0,/9x4i9uKGXt8IiiIF5Ey0DIoY738.jpg,Animation|Family|Fantasy|Drama|Comedy,Enrico Casarosa,Jacob Tremblay|Jack Dylan Grazer|Emma Berman|Saverio Raimondo|Maya Rudolph,2026-09-11T11:19:41.551741,False
2021-07-26,The Grand Budapest Hotel,2014,https://boxd.it/3ZqO,3.5,False,False,0.4930632186653469,0.5,exact_year,120467.0,The Grand Budapest Hotel,2014-02-26,100.0,/eWdyYQreja6JGCzqHWXpWHDrrPo.jpg,Comedy|Drama,Wes Anderson,Ralph Fiennes|F. Murray Abraham|Tony Revolori|Adrien Brody|Willem Dafoe,2026-09-11T11:19:41.753487,True
2021-08-09,Not Another Teen Movie,2001,https://boxd.it/1TWq,3.5,False,False,0.4930632186653469,0.5,exact_year,11397.0,Not Another Teen Movie,2001-12-07,89.0,/9ZaGxvj1mqdKVLpSloq4mzS7SK6.jpg,Comedy,Joel Gallen,Chyler Leigh|Chris Evans|Jaime Pressly|Eric Christian Olsen|Mia Kirshner,2026-09-11T11:19:41.965724,True
2021-08-24,Believe Me: The Abduction of Lisa McVey,2018,https://boxd.it/k7Ne,2.5,False,False,-0.5016011098976471,0.5,exact_year,550776.0,Believe Me: The Abduction of Lisa McVey,2018-09-30,87.0,/qbJEzCzEKDHPZDiRvSSBiYEKaAH.jpg,Drama|TV Movie|Crime,Jim Donovan,Katie Douglas|David James Elliott|Rossif Sutherland|Amanda Arcuri|Chris Owens,2026-09-11T11:19:42.177320,False
2021-09-05,He's All That,2021,https://boxd.it/bFbA,0.5,False,False,-2.4909297670236348,0.5,exact_year,347626.0,He's All That,2021-08-27,91.0,/kW3AG5NHoyq52dcSbMiFB6LyHvk.jpg,Comedy|Romance,Mark Waters,Addison Rae|Tanner Buchanan|Madison Pettis|Rachael Leigh Cook|Matthew Lillard,2026-09-11T11:19:42.381600,False
2021-09-05,"Barbie: Big City, Big Dreams",2021,https://boxd.it/w7lS,3.0,False,False,-0.004268945616150054,0.5,exact_year,850818.0,"Barbie: Big City, Big Dreams",2021-08-20,62.0,/jeggetf6lrd0dhtcbqJH75Sik4K.jpg,Animation|Music|Family,Scott Pleydell-Pearce,America Young|Amber Eliese May|Giselle Fernández|Alejandro Saab|Dinora Walcott,2026-09-11T11:19:42.588662,False
2021-09-07,Shang-Chi and the Legend of the Ten Rings,2021,https://boxd.it/kLDI,4.0,False,False,0.9903953829468439,0.5,exact_year,566525.0,Shang-Chi and the Legend of the Ten Rings,2021-09-01,132.0,/9f2Q0U3IOsLgrI2HkvldwSABZy5.jpg,Action|Adventure|Fantasy,Destin Daniel Cretton,Simu Liu|Tony Leung Chiu-wai|Awkwafina|Ben Kingsley|Zhang Meng'er,2026-09-11T11:19:42.796588,True
2021-10-06,Squid Game,2021,https://boxd.it/x1OG,,False,False,0.0,1.5,,,,,,,,,,,False
2021-10-08,Would You Rather,2012,https://boxd.it/3m0W,1.0,False,False,-1.993597602742138,0.5,year+1,97051.0,Would You Rather,2013-02-08,93.0,/7oXzvesOXH2UnSrd1Xflhqa1dBt.jpg,Thriller|Horror,David Guy Levy,Brittany Snow|Jeffrey Combs|Jonny Coyne|Lawrence Gilliard Jr.|Enver Gjokaj,2026-09-11T11:19:43.365668,False
2021-11-14,All Too Well: The Short Film,2021,https://boxd.it/xTmc,5.0,False,False,1.9850597115098378,0.5,exact_year,897429.0,All Too Well: The Short Film,2021-11-12,15.0,/zfgHyodGNdtBxO8R7d0qmR2JSEz.jpg,Drama|Music,Taylor Swift,Sadie Sink|Dylan O'Brien|Taylor Swift|Jake Lyon|Shawn Levy,2026-09-11T11:19:43.571608,True
2021-11-21,The Guilty,2021,https://boxd.it/kOPW,,False,False,0.0,1.5,exact_year,567748.0,The Guilty,2021-09-24,89.0,/m8aR1k35oZMOzZ1kYWUyt401mwq.jpg,Drama|Thriller,Antoine Fuqua,Jake Gyllenhaal|Ethan Hawke|Riley Keough|Peter Sarsgaard|Christina Vidal Mitchell,2026-09-11T11:19:43.768113,False
2021-11-21,"tick, tick... BOOM!",2021,https://boxd.it/jz2e,,False,False,0.0,1.5,exact_year,537116.0,"tick, tick... BOOM!",2021-11-11,120.0,/DPmfcuR8fh8ROYXgdjrAjSGA0o.jpg,Drama|Music,Lin-Manuel Miranda,Andrew Garfield|Alexandra Shipp|Robin de Jesús|Michaela Jaé Rodriguez|Ben Levi Ross,2026-09-11T11:19:43.985370,False
2021-11-23,Dead Poets Society,1989,https://boxd.it/2aSg,,True,False,0.5,1.5,exact_year,207.0,Dead Poets Society,1989-06-02,129.0,/tNvKkSnnn4Z6RCBThyK1gfCSSvv.jpg,Drama,Peter Weir,Robin Williams|Robert Sean Leonard|Ethan Hawke|Josh Charles|Gale Hansen,2026-09-11T11:19:44.189565,True
2021-11-23,Dune,2021,https://boxd.it/fA7G,4.0,False,False,0.9903953829468439,0.5,exact_year,438631.0,Dune,2021-09-15,155.0,/v1tRXZ4JtD2Iv6fjkPvT4GiwslV.jpg,Science Fiction|Adventure,Denis Villeneuve,Timothée Chalamet|Rebecca Ferguson|Oscar Isaac|Jason Momoa|Stellan Skarsgård,2026-09-11T11:19:44.389361,True
2021-11-23,Eternals,2021,https://boxd.it/j36o,,False,False,0.0,1.5,exact_year,524434.0,Eternals,2021-11-03,156.0,/lFByFSLV5WDJEv3KabbdAF959F2.jpg,Science Fiction|Action|Adventure,Chloé Zhao,Gemma Chan|Richard Madden|Angelina Jolie|Salma Hayek Pinault|Kumail Nanjiani,2026-09-11T11:19:44.598798,True
2021-11-25,Exam,2009,https://boxd.it/1mn8,,False,False,0.0,1.5,exact_year,29917.0,Exam,2009-06-19,101.0,/i1J2zBCyOQJKsQipqJ0qXERC1Ma.jpg,Thriller|Mystery,Stuart Hazeldine,Luke Mably|Chukwudi Iwuji|Adar Beck|Jimi Mistry|Nathalie Cox,2026-09-11T11:19:44.801466,False
2021-11-26,Respect,2021,https://boxd.it/lPDE,,False,False,0.0,1.5,exact_year,592863.0,Respect,2021-08-12,145.0,/iUtPwOBZJc8uJnDqlCXTibdgxKz.jpg,Drama|Music|History,Liesl Tommy,Jennifer Hudson|Forest Whitaker|Marlon Wayans|Audra McDonald|Mary J. Blige,2026-09-11T11:19:45.008144,False
2021-11-29,Tenet,2020,https://boxd.it/leq4,,True,False,0.5,1.5,exact_year,577922.0,Tenet,2020-08-22,150.0,/aCIFMriQh8rvhxpN1IWGgvH0Tlg.jpg,Action|Thriller|Science Fiction,Christopher Nolan,John David Washington|Robert Pattinson|Elizabeth Debicki|Kenneth Branagh|Dimple Kapadia,2026-09-11T11:19:45.222379,True
2021-12-09,Saw,2004,https://boxd.it/2aWW,,False,False,0.0,1.5,exact_year,176.0,Saw,2004-10-01,103.0,/rLNSOudrayDBo1uqXjrhxcjODIC.jpg,Horror|Mystery|Crime,James Wan,Tobin Bell|Cary Elwes|Leigh Whannell|Danny Glover|Monica Potter,2026-09-11T11:19:45.437420,False
2021-12-11,Saw II,2005,https://boxd.it/2aRs,4.0,False,False,0.9903953829468439,0.5,exact_year,215.0,Saw II,2005-10-28,93.0,/gTnaTysN8HsvVQqTRUh8m35mmUA.jpg,Horror,Darren Lynn Bousman,Tobin Bell|Donnie Wahlberg|Shawnee Smith|Erik Knudsen|Franky G,2026-09-11T11:19:45.712422,True
2021-12-17,Spider-Man: No Way Home,2021,https://boxd.it/nwRw,4.0,False,False,0.9903953829468439,0.5,exact_year,634649.0,Spider-Man: No Way Home,2021-12-15,148.0,/1g0dhYtq4irTY1GPXvft6k4YLjm.jpg,Action|Adventure|Science Fiction,Jon Watts,Tom Holland|Zendaya|Benedict Cumberbatch|Jacob Batalon|Jon Favreau,2026-09-11T11:19:45.927142,True
2021-12-19,Saw III,2006,https://boxd.it/2aRC,,False,False,0.0,1.5,exact_year,214.0,Saw III,2006-10-26,108.0,/4iO9n24Rb10peXV0JH2EldIOrAp.jpg,Horror|Thriller|Crime,Darren Lynn Bousman,Tobin Bell|Shawnee Smith|Angus Macfadyen|Bahar Soomekh|Donnie Wahlberg,2026-09-11T11:19:46.129355,False
2021-12-19,Saw IV,2007,https://boxd.it/29Sa,,False,False,0.0,1.5,exact_year,663.0,Saw IV,2007-10-25,93.0,/ku1QdCXOU4ckz3zxLLlis8MIJVm.jpg,Horror|Thriller|Crime,Darren Lynn Bousman,Tobin Bell|Costas Mandylor|Scott Patterson|Betsy Russell|Lyriq Bent,2026-09-11T11:19:46.349347,False
2021-12-20,Gone Girl,2014,https://boxd.it/6hQu,4.0,False,False,0.9903953829468439,0.5,exact_year,210577.0,Gone Girl,2014-10-01,149.0,/ts996lKsxvjkO2yiYG0ht4qAicO.jpg,Mystery|Thriller|Drama,David Fincher,Ben Affleck|Rosamund Pike|Neil Patrick Harris|Tyler Perry|Carrie Coon,2026-09-11T11:19:46.549497,True
2021-12-20,Saw V,2008,https://boxd.it/1SMa,,False,False,0.0,1.5,exact_year,11917.0,Saw V,2008-10-23,95.0,/rKl79KqLXg60KFyKsLe4wSSjQ08.jpg,Horror|Thriller|Crime,David Hackl,Tobin Bell|Costas Mandylor|Scott Patterson|Betsy Russell|Julie Benz,2026-09-11T11:19:46.750344,False
2021-12-23,Saw VI,2009,https://boxd.it/1A2y,,False,False,0.0,1.5,exact_year,22804.0,Saw VI,2009-10-22,90.0,/9JtluosCbioSXJSABZByaODyPpa.jpg,Horror|Thriller,Kevin Greutert,Tobin Bell|Costas Mandylor|Mark Rolston|Betsy Russell|Shawnee Smith,2026-09-11T11:19:46.956589,False
2021-12-24,Saw 3D,2010,https://boxd.it/Znk,,False,False,0.0,1.5,exact_year,41439.0,Saw 3D,2010-10-22,90.0,/qHCZ6LjtmqWDfXXN28TlIC9OppK.jpg,Horror|Crime,Kevin Greutert,Tobin Bell|Costas Mandylor|Betsy Russell|Cary Elwes|Sean Patrick Flanery,2026-09-11T11:19:47.157223,False
2021-12-27,Don't Look Up,2021,https://boxd.it/o0Hc,2.0,False,False,-0.998933274179144,0.5,exact_year,646380.0,Don't Look Up,2021-12-08,138.0,/th4E1yqsE8DGpAseLiUrI60Hf8V.jpg,Comedy|Science Fiction|Drama,Adam McKay,Leonardo DiCaprio|Jennifer Lawrence|Meryl Streep|Cate Blanchett|Rob Morgan,2026-09-11T11:19:47.360566,False
2021-12-27,Hawkeye,2021,https://boxd.it/xQqK,,False,False,0.0,1.5,,,,,,,,,,,False
2022-01-07,Harry Potter 20th Anniversary: Return to Hogwarts,2022,https://boxd.it/xXJk,,False,False,0.0,1.5,exact_year,899082.0,Harry Potter 20th Anniversary: Return to Hogwarts,2022-01-01,103.0,/jntLBq0MLR3hrwKaTQswxACRPMs.jpg,Documentary,Joe Pearlman|Casey Patterson|Giorgio Testi|Eran Creevy,Daniel Radcliffe|Rupert Grint|Emma Watson|Bonnie Wright|Matthew Lewis,2026-09-11T11:19:47.844950,False
2022-01-18,Sing 2,2021,https://boxd.it/fAnE,5.0,False,True,1.9850597115098378,0.5,exact_year,438695.0,Sing 2,2021-12-01,110.0,/aWeKITRFbbwY8txG5uCj4rMCfSP.jpg,Animation|Comedy|Family|Music,Garth Jennings,Matthew McConaughey|Reese Witherspoon|Scarlett Johansson|Taron Egerton|Bobby Cannavale,2026-09-11T11:19:48.057506,True
2022-01-23,American Psycho,2000,https://boxd.it/28Vs,4.0,False,False,0.9903953829468439,0.5,exact_year,1359.0,American Psycho,2000-04-13,102.0,/9uGHEgsiUXjCNq8wdq4r49YL8A1.jpg,Thriller|Drama|Crime,Mary Harron,Christian Bale|Justin Theroux|Josh Lucas|Bill Sage|Chloë Sevigny,2026-09-11T11:19:48.257173,True
2022-03-02,The Silence of the Lambs,1991,https://boxd.it/2aHW,4.0,False,False,0.9903953829468439,0.5,exact_year,274.0,The Silence of the Lambs,1991-02-14,119.0,/uS9m8OBk1A8eM9I042bx8XXpqAq.jpg,Crime|Thriller|Drama,Jonathan Demme,Jodie Foster|Anthony Hopkins|Scott Glenn|Ted Levine|Anthony Heald,2026-09-11T11:19:48.463940,True
2022-03-06,The Batman,2022,https://boxd.it/eDGs,,True,False,0.5,1.5,exact_year,414906.0,The Batman,2022-03-01,177.0,/74xTEgt7R36Fpooo50r9T25onhq.jpg,Crime|Mystery|Thriller,Matt Reeves,Robert Pattinson|Zoë Kravitz|Jeffrey Wright|Colin Farrell|Paul Dano,2026-09-11T11:19:48.684968,True
2022-03-14,Fresh,2022,https://boxd.it/tCNi,,False,False,0.0,1.5,exact_year,787752.0,Fresh,2022-03-03,114.0,/tlu71AgaL3EQBBCNGsAwZLPbV5D.jpg,Horror|Thriller|Comedy,Mimi Cave,Daisy Edgar-Jones|Sebastian Stan|Jojo T. Gibbs|Charlotte Le Bon|Dayo Okeniyi,2026-09-11T11:19:48.906417,True
2022-03-23,Of Mice and Men,1992,https://boxd.it/1Yfm,0.5,False,False,-2.4909297670236348,0.5,exact_year,9609.0,Of Mice and Men,1992-09-16,111.0,/qAHLUMZyoW3iwj2b01B2nKcePTA.jpg,Drama,Gary Sinise,John Malkovich|Gary Sinise|Ray Walston|Casey Siemaszko|Sherilyn Fenn,2026-09-11T11:19:49.143512,False
2022-03-26,Turning Red,2022,https://boxd.it/ipkq,,False,False,0.0,1.5,exact_year,508947.0,Turning Red,2022-03-10,100.0,/qsdjk9oAKSQMWs0Vt5Pyfh6O4GZ.jpg,Animation|Family|Comedy|Fantasy,Domee Shi,Rosalie Chiang|Sandra Oh|Ava Morse|Hyein Park|Maitreyi Ramakrishnan,2026-09-11T11:19:49.351807,True
2022-03-27,Miracles from Heaven,2016,https://boxd.it/bj1o,2.5,False,False,-0.5016011098976471,0.5,exact_year,339984.0,Miracles from Heaven,2016-03-17,119.0,/hz9VF1TfaM0D04pYneSXUkNeOZv.jpg,Family|Drama,Patricia Riggen,Jennifer Garner|Kylie Rogers|Martin Henderson|Brighton Sharbino|Courtney Fansler,2026-09-11T11:19:49.559327,False
2022-04-03,Encanto,2021,https://boxd.it/kPRu,2.5,False,False,-0.5016011098976471,0.5,exact_year,568124.0,Encanto,2021-10-13,102.0,/4j0PNHkMr5ax3IA8tjtxcmPU3QT.jpg,Animation|Comedy|Family|Fantasy,Byron Howard|Jared Bush,Stephanie Beatriz|María Cecilia Botero|John Leguizamo|Diane Guerrero|Jess Darrow,2026-09-11T11:19:50.018893,False
2022-04-15,The Adam Project,2022,https://boxd.it/q2Dg,,False,False,0.0,1.5,exact_year,696806.0,The Adam Project,2022-03-11,106.0,/wFjboE0aFZNbVOF05fzrka9Fqyx.jpg,Adventure|Science Fiction|Comedy,Shawn Levy,Ryan Reynolds|Walker Scobell|Mark Ruffalo|Jennifer Garner|Zoe Saldaña,2026-09-11T11:19:50.227413,False
2022-04-15,The Wolf of Wall Street,2013,https://boxd.it/3C1m,,True,False,0.5,1.5,exact_year,106646.0,The Wolf of Wall Street,2013-12-25,180.0,/kW9LmvYHAaS9iA0tHmZVq8hQYoq.jpg,Crime|Drama|Comedy,Martin Scorsese,Leonardo DiCaprio|Jonah Hill|Margot Robbie|Matthew McConaughey|Kyle Chandler,2026-09-11T11:19:50.431062,True
2022-05-09,Doctor Strange in the Multiverse of Madness,2022,https://boxd.it/gaTc,2.5,False,False,-0.5016011098976471,0.5,exact_year,453395.0,Doctor Strange in the Multiverse of Madness,2022-05-04,126.0,/ddJcSKbcp4rKZTmuyWaMhuwcfMz.jpg,Fantasy|Action|Adventure,Sam Raimi,Benedict Cumberbatch|Xochitl Gomez|Elizabeth Olsen|Chiwetel Ejiofor|Benedict Wong,2026-09-11T11:19:50.641708,False
2022-05-09,Reversing Roe,2018,https://boxd.it/jUqw,,False,False,0.0,1.5,exact_year,545634.0,Reversing Roe,2018-09-01,99.0,/6BnywwZkvTrAIOsNCyfPPkwknUF.jpg,Documentary,Ricki Stern|Anne Sundberg,Donna Howard|John Seago|Brigitte Amiri|Troy Newman|Colleen McNicholas,2026-09-11T11:19:50.844246,True
2022-05-31,Top Gun,1986,https://boxd.it/29JC,,True,False,0.5,1.5,exact_year,744.0,Top Gun,1986-05-16,110.0,/xUuHj3CgmZQ9P2cMaqQs4J0d4Zc.jpg,Action|Drama|Romance,Tony Scott,Tom Cruise|Kelly McGillis|Val Kilmer|Anthony Edwards|Tom Skerritt,2026-09-11T11:19:51.052417,True
2022-06-06,Top Gun: Maverick,2022,https://boxd.it/cjr4,4.0,False,False,0.9903953829468439,0.5,exact_year,361743.0,Top Gun: Maverick,2022-05-21,131.0,/n0YuM4f5lvGAP6MAW2kBIzugXnc.jpg,Action|Drama,Joseph Kosinski,Tom Cruise|Miles Teller|Jennifer Connelly|Bashir Salahuddin|Jon Hamm,2026-09-11T11:19:51.263291,True
2022-06-09,The Sixth Sense,1999,https://boxd.it/29Js,4.0,False,False,0.9903953829468439,0.5,exact_year,745.0,The Sixth Sense,1999-08-06,107.0,/vOyfUXNFSnaTk7Vk5AjpsKTUWsu.jpg,Mystery|Thriller|Drama,M. Night Shyamalan,Bruce Willis|Haley Joel Osment|Toni Collette|Olivia Williams|Trevor Morgan,2026-09-11T11:19:51.471511,True
2022-06-11,Project X,2012,https://boxd.it/neO,3.5,False,False,0.4930632186653469,0.5,exact_year,57214.0,Project X,2012-03-01,88.0,/lUPDGT3lyRrq8SvWuNWG2DP64bR.jpg,Comedy,Nima Nourizadeh,Thomas Mann|Oliver Cooper|Jonathan Daniel Brown|Dax Flame|Kirby Bliss Blanton,2026-09-11T11:19:51.701069,True
2022-06-20,Spiderhead,2022,https://boxd.it/mLsO,,False,False,0.0,1.5,exact_year,615469.0,Spiderhead,2022-06-15,107.0,/7COPO5B9AOKIB4sEkvNu0wfve3c.jpg,Science Fiction|Thriller,Joseph Kosinski,Chris Hemsworth|Miles Teller|Jurnee Smollett-Bell|Mark Paguio|Tess Haubrich,2026-09-11T11:19:51.936515,False
2022-07-08,Minions: The Rise of Gru,2022,https://boxd.it/fz9w,2.5,False,False,-0.5016011098976471,0.5,exact_year,438148.0,Minions: The Rise of Gru,2022-06-29,87.0,/wKiOkZTN9lUUUNZLmtnwubZYONg.jpg,Animation|Comedy|Science Fiction|Crime|Family,Kyle Balda,Steve Carell|Pierre Coffin|Alan Arkin|Taraji P. Henson|Michelle Yeoh,2026-09-11T11:19:52.147252,False
2022-07-13,Thor: Love and Thunder,2022,https://boxd.it/mMAY,,False,False,0.0,1.5,exact_year,616037.0,Thor: Love and Thunder,2022-07-06,119.0,/pIkRyD18kl4FhoCNQuWxWu5cBLM.jpg,Fantasy|Action|Comedy,Taika Waititi,Chris Hemsworth|Natalie Portman|Christian Bale|Tessa Thompson|Taika Waititi,2026-09-11T11:19:52.355387,False
2022-07-17,Get Out,2017,https://boxd.it/eOCm,,True,False,0.5,1.5,exact_year,419430.0,Get Out,2017-02-24,104.0,/tFXcEccSQMf3lfhfXKSU9iRBpa3.jpg,Mystery|Thriller|Horror,Jordan Peele,Daniel Kaluuya|Allison Williams|Catherine Keener|Bradley Whitford|Caleb Landry Jones,2026-09-11T11:19:52.554896,True
2022-08-01,Not Okay,2022,https://boxd.it/vCEY,,False,False,0.0,1.5,exact_year,838330.0,Not Okay,2022-07-29,103.0,/x1q3FkqFHBkMeKnHiS6GYgdLvUs.jpg,Comedy|Drama,Quinn Shephard,Zoey Deutch|Mia Isaac|Dylan O'Brien|Nadia Alexander|Tia Dionne Hodge,2026-09-11T11:19:52.756494,False
2022-08-03,Fight Club,1999,https://boxd.it/2a9q,,True,False,0.5,1.5,exact_year,550.0,Fight Club,1999-10-15,139.0,/jSziioSwPVrOy9Yow3XhWIBDjq1.jpg,Drama|Thriller,David Fincher,Edward Norton|Brad Pitt|Helena Bonham Carter|Meat Loaf|Jared Leto,2026-09-11T11:19:52.977351,True
2022-08-08,The Pianist,2002,https://boxd.it/2aqc,4.5,False,False,1.4877275472283409,0.5,exact_year,423.0,The Pianist,2002-09-17,150.0,/2hFvxCCWrTmCYwfy7yum0GKRi3Y.jpg,Drama|War,Roman Polanski,Adrien Brody|Thomas Kretschmann|Frank Finlay|Maureen Lipman|Emilia Fox,2026-09-11T11:19:53.217005,True
2022-08-11,12 Angry Men,1957,https://boxd.it/2auI,,True,False,0.5,1.5,exact_year,389.0,12 Angry Men,1957-04-10,97.0,/zhG3vKWyDRaZYoaww1UVAi29T9h.jpg,Drama,Sidney Lumet,Martin Balsam|John Fiedler|Lee J. Cobb|E.G. Marshall|Jack Klugman,2026-09-11T11:19:53.422039,True
2022-10-01,Elvis,2022,https://boxd.it/mK4w,3.0,False,False,-0.004268945616150054,0.5,exact_year,614934.0,Elvis,2022-06-22,159.0,/qBOKWqAFbveZ4ryjJJwbie6tXkQ.jpg,Music|History|Drama,Baz Luhrmann,Austin Butler|Tom Hanks|Olivia DeJonge|Helen Thomson|Richard Roxburgh,2026-09-11T11:19:53.629233,False
2022-11-21,Black Panther: Wakanda Forever,2022,https://boxd.it/igPu,,False,False,0.0,1.5,exact_year,505642.0,Black Panther: Wakanda Forever,2022-11-09,162.0,/sv1xJUazXeYqALzczSZ3O6nkH75.jpg,Action|Adventure|Science Fiction,Ryan Coogler,Letitia Wright|Tenoch Huerta Mejía|Lupita Nyong'o|Danai Gurira|Winston Duke,2026-09-11T11:19:53.879659,False
2022-11-21,Don't Worry Darling,2022,https://boxd.it/mViu,3.5,False,False,0.4930632186653469,0.5,exact_year,619730.0,Don't Worry Darling,2022-09-21,123.0,/wjAJWfuE5OQm5zerlOAbTxdHFMV.jpg,Thriller|Science Fiction|Mystery|Horror,Olivia Wilde,Florence Pugh|Harry Styles|Chris Pine|Olivia Wilde|KiKi Layne,2026-09-11T11:19:54.085128,True
2022-12-18,Notting Hill,1999,https://boxd.it/2aeK,,False,False,0.0,1.5,exact_year,509.0,Notting Hill,1999-05-21,124.0,/hHRIf2XHeQMbyRb3HUx19SF5Ujw.jpg,Romance|Comedy,Roger Michell,Julia Roberts|Hugh Grant|Gina McKee|Tim McInnerny|Rhys Ifans,2026-09-11T11:19:54.302137,True
2022-12-21,The Conjuring 2,2016,https://boxd.it/7GJg,,False,False,0.0,1.5,exact_year,259693.0,The Conjuring 2,2016-06-08,134.0,/zEqyD0SBt6HL7W9JQoWwtd5Do1T.jpg,Horror,James Wan,Vera Farmiga|Patrick Wilson|Madison Wolfe|Frances O'Connor|Lauren Esposito,2026-09-11T11:19:54.523654,False
2023-01-09,The Pink Panther,2006,https://boxd.it/1Sys,,False,False,0.0,1.5,exact_year,12096.0,The Pink Panther,2006-02-10,93.0,/57ViRkdsddHLK32W8Nf3ZPLSAu4.jpg,Comedy|Mystery|Crime|Adventure|Family,Shawn Levy,Steve Martin|Jean Reno|Kevin Kline|Beyoncé|Emily Mortimer,2026-09-11T11:19:54.736200,True
2023-01-26,Bigfoot Family,2020,https://boxd.it/qgVI,,False,False,0.0,1.5,exact_year,702525.0,Bigfoot Family,2020-07-23,97.0,/vn7sNO6CD8FBHBEVcOiNv08mjy1.jpg,Animation|Adventure|Family,Jérémie Degruson|Ben Stassen,Jules Medcraft|David Lodge|Grant George|Shyloh Oostwald|Joey Camen,2026-09-11T11:19:54.939701,False
2023-01-30,Puss in Boots: The Last Wish,2022,https://boxd.it/aaie,,False,False,0.0,1.5,exact_year,315162.0,Puss in Boots: The Last Wish,2022-12-07,103.0,/kuf6dutpsT0vSVehic3EZIqkOBt.jpg,Animation|Adventure|Fantasy|Comedy|Family,Joel Crawford,Antonio Banderas|Salma Hayek Pinault|Harvey Guillén|Wagner Moura|Florence Pugh,2026-09-11T11:19:55.136457,False
2023-02-25,Cocaine Bear,2023,https://boxd.it/ugw2,,False,False,0.0,1.5,exact_year,804150.0,Cocaine Bear,2023-02-22,95.0,/gOnmaxHo0412UVr1QM5Nekv1xPi.jpg,Thriller|Comedy|Crime,Elizabeth Banks,Keri Russell|Alden Ehrenreich|O'Shea Jackson Jr.|Ray Liotta|Isiah Whitlock Jr.,2026-09-11T11:19:55.337279,False
2023-02-26,The Godfather,1972,https://boxd.it/2aNK,,False,False,0.0,1.5,exact_year,238.0,The Godfather,1972-03-14,175.0,/3bhkrj58Vtu7enYsRolD1fZdja1.jpg,Drama|Crime,Francis Ford Coppola,Marlon Brando|Al Pacino|James Caan|Robert Duvall|Richard S. Castellano,2026-09-11T11:19:55.538812,False
2023-03-25,Everything Everywhere All at Once,2022,https://boxd.it/jUk4,,False,False,0.0,1.5,exact_year,545611.0,Everything Everywhere All at Once,2022-03-24,140.0,/u68AjlvlutfEIcpmbYpKcdi09ut.jpg,Action|Adventure|Science Fiction,Daniel Scheinert|Daniel Kwan,Michelle Yeoh|Stephanie Hsu|Ke Huy Quan|James Hong|Jamie Lee Curtis,2026-09-11T11:19:55.747557,True
2023-04-05,Say Anything...,1989,https://boxd.it/27B2,,True,False,0.5,1.5,exact_year,2028.0,Say Anything...,1989-04-14,100.0,/nkucKciFGSRalw6dJtsglWqOXMC.jpg,Romance|Comedy|Drama,Cameron Crowe,John Cusack|Ione Skye|John Mahoney|Lili Taylor|Amy Brooks,2026-09-11T11:19:55.952917,True
2023-04-05,Bridget Jones's Diary,2001,https://boxd.it/29WQ,,False,False,0.0,1.5,exact_year,634.0,Bridget Jones's Diary,2001-04-13,97.0,/olMTi7uCaec9Yr3Ar07D2SIja1G.jpg,Comedy|Romance|Drama,Sharon Maguire,Renée Zellweger|Colin Firth|Hugh Grant|Jim Broadbent|Gemma Jones,2026-09-11T11:19:56.155577,False
2023-05-20,Guardians of the Galaxy Vol. 3,2023,https://boxd.it/fVNI,,False,False,0.0,1.5,exact_year,447365.0,Guardians of the Galaxy Vol. 3,2023-05-03,150.0,/r2J02Z2OpNTctfOSN1Ydgii51I3.jpg,Science Fiction|Adventure|Action,James Gunn,Chris Pratt|Zoe Saldaña|Dave Bautista|Karen Gillan|Pom Klementieff,2026-09-11T11:19:56.367697,False
2023-05-20,The Pelican Brief,1993,https://boxd.it/1Xt8,,False,False,0.0,1.5,exact_year,9944.0,The Pelican Brief,1993-09-17,141.0,/7B1HS0SqfJR1jbeHS6V0ZWdzLXP.jpg,Thriller|Crime|Drama,Alan J. Pakula,Julia Roberts|Denzel Washington|Sam Shepard|John Heard|Tony Goldwyn,2026-09-11T11:19:56.579408,False
2023-06-21,Psycho,1960,https://boxd.it/2ab2,,False,False,0.0,1.5,exact_year,539.0,Psycho,1960-06-22,109.0,/yz4QVqPx3h1hD1DfqqQkCq3rmxW.jpg,Horror|Thriller|Mystery,Alfred Hitchcock,Anthony Perkins|Janet Leigh|Vera Miles|John Gavin|Martin Balsam,2026-09-11T11:19:56.792958,False
2023-06-21,The Invisible Guest,2016,https://boxd.it/euce,,False,False,0.0,1.5,year+1,411088.0,The Invisible Guest,2017-01-06,107.0,/fptnZJbLzKUHeNlYrAynbyoL5YJ.jpg,Drama|Mystery|Thriller,Oriol Paulo,Mario Casas|Ana Wagener|Jose Coronado|Bárbara Lennie|Francesc Orella,2026-09-11T11:19:57.089102,False
2023-06-25,The Dictator,2012,https://boxd.it/2DEW,,False,False,0.0,1.5,exact_year,76493.0,The Dictator,2012-05-15,83.0,/n0W7kajF4GFMRk2c0wWwMQqTaDM.jpg,Comedy,Larry Charles,Sacha Baron Cohen|Ben Kingsley|Anna Faris|Jason Mantzoukas|Sayed Badreya,2026-09-11T11:19:57.296540,False
2023-06-28,Prisoners,2013,https://boxd.it/4E5i,,False,False,0.0,1.5,exact_year,146233.0,Prisoners,2013-09-19,153.0,/uhviyknTT5cEQXbn6vWIqfM4vGm.jpg,Drama|Thriller|Crime,Denis Villeneuve,Hugh Jackman|Jake Gyllenhaal|Viola Davis|Maria Bello|Terrence Howard,2026-09-11T11:19:57.509823,False
2023-06-30,No Hard Feelings,2023,https://boxd.it/xouu,,False,False,0.0,1.5,exact_year,884605.0,No Hard Feelings,2023-06-15,103.0,/gD72DhJ7NbfxvtxGiAzLaa0xaoj.jpg,Comedy|Romance,Gene Stupnitsky,Jennifer Lawrence|Andrew Barth Feldman|Laura Benanti|Natalie Morales|Matthew Broderick,2026-09-11T11:19:57.719048,False
2023-07-20,Kingsman: The Golden Circle,2017,https://boxd.it/buJm,,False,False,0.0,1.5,exact_year,343668.0,Kingsman: The Golden Circle,2017-09-20,141.0,/34xBL6BXNYFqtHO9zhcgoakS4aP.jpg,Crime|Comedy|Action,Matthew Vaughn,Taron Egerton|Colin Firth|Julianne Moore|Mark Strong|Hanna Alström,2026-09-11T11:19:57.972516,False
2023-08-03,Barbie,2023,https://boxd.it/bCLK,4.5,False,False,1.4877275472283409,0.5,exact_year,346698.0,Barbie,2023-07-19,114.0,/iuFNMS8U5cb6xfzi51Dbkovj7vM.jpg,Comedy|Adventure|Fantasy,Greta Gerwig,Margot Robbie|Ryan Gosling|America Ferrera|Ariana Greenblatt|Issa Rae,2026-09-11T11:19:58.191119,True
2023-10-10,Saw X,2023,https://boxd.it/zUWk,,False,False,0.0,1.5,exact_year,951491.0,Saw X,2023-09-27,118.0,/u7Lp1Hi8aBS73jv4KRMIv5aK4ax.jpg,Horror|Mystery,Kevin Greutert,Tobin Bell|Shawnee Smith|Synnøve Macody Lund|Steven Brand|Renata Vaca,2026-09-11T11:19:58.407730,False
2024-01-27,The Holdovers,2023,https://boxd.it/vHza,4.0,False,False,0.9903953829468439,0.5,exact_year,840430.0,The Holdovers,2023-10-27,133.0,/VHSzNBTwxV8vh7wylo7O9CLdac.jpg,Drama|Comedy,Alexander Payne,Paul Giamatti|Dominic Sessa|Da'Vine Joy Randolph|Carrie Preston|Brady Hepner,2026-09-11T11:19:58.618990,True
2024-02-27,The Super Mario Bros. Movie,2023,https://boxd.it/i8C8,,False,False,0.0,1.5,exact_year,502356.0,The Super Mario Bros. Movie,2023-04-05,93.0,/qNBAXBIQlnOThrVvA6mA2B5ggV6.jpg,Family|Comedy|Adventure|Fantasy|Animation,Aaron Horvath|Michael Jelenic,Chris Pratt|Anya Taylor-Joy|Charlie Day|Jack Black|Keegan-Michael Key,2026-09-11T11:19:58.837005,False
2024-02-27,Grown Ups,2010,https://boxd.it/169a,,False,False,0.0,1.5,exact_year,38365.0,Grown Ups,2010-06-24,102.0,/cQGM5k1NtU85n4TUlrOrwijSCcm.jpg,Comedy,Dennis Dugan,Adam Sandler|Kevin James|Chris Rock|David Spade|Rob Schneider,2026-09-11T11:19:59.042892,False
2024-02-27,Einstein and the Bomb,2024,https://boxd.it/Ija2,,False,False,0.0,1.5,exact_year,1168709.0,Einstein and the Bomb,2024-02-16,77.0,/hWRKHXKfu2WJGICdVpKZ0jEKsbp.jpg,Documentary|Drama,Anthony Philipson,Aidan McArdle|Andrew Havill|Rachel Barry|Helena Westerman|Leo Ashizawa,2026-09-11T11:19:59.249366,False
2024-03-07,Inception,2010,https://boxd.it/1skk,4.0,False,False,0.9903953829468439,0.5,exact_year,27205.0,Inception,2010-07-15,148.0,/xlaY2zyzMfkhk0HSC5VUwzoZPU1.jpg,Action|Science Fiction|Adventure,Christopher Nolan,Leonardo DiCaprio|Joseph Gordon-Levitt|Ken Watanabe|Tom Hardy|Elliot Page,2026-09-11T11:19:59.462290,True
2024-03-10,Minority Report,2002,https://boxd.it/2aWi,,False,False,0.0,1.5,exact_year,180.0,Minority Report,2002-06-20,145.0,/ccqpHq5tk5W4ymbSbuoy4uYOxFI.jpg,Science Fiction|Action|Thriller,Steven Spielberg,Tom Cruise|Colin Farrell|Samantha Morton|Max von Sydow|Lois Smith,2026-09-11T11:19:59.674619,True
2024-03-10,Poor Things,2023,https://boxd.it/tNWU,4.5,False,False,1.4877275472283409,0.5,exact_year,792307.0,Poor Things,2023-12-07,141.0,/kCGlIMHnOm8JPXq3rXM6c5wMxcT.jpg,Science Fiction|Romance|Comedy,Yorgos Lanthimos,Emma Stone|Mark Ruffalo|Willem Dafoe|Ramy Youssef|Christopher Abbott,2026-09-11T11:19:59.887062,True
2024-03-20,Taylor Swift: The Eras Tour,2023,https://boxd.it/HTIi,,False,False,0.0,1.5,exact_year,1160164.0,TAYLOR SWIFT | THE ERAS TOUR,2023-10-13,169.0,/jf3YO8hOqGHCupsREf5qymYq1n.jpg,Music,Sam Wrench,Taylor Swift|Mike Meadows|Max Bernstein|Paul Sidoti|Amos Heller,2026-09-11T11:20:00.099543,False
2024-03-20,Oppenheimer,2023,https://boxd.it/wUow,,False,False,0.0,1.5,exact_year,872585.0,Oppenheimer,2023-07-19,181.0,/8Gxv8gSFCU0XGDykEGv7zR1n2ua.jpg,Drama|History,Christopher Nolan,Cillian Murphy|Emily Blunt|Matt Damon|Robert Downey Jr.|Florence Pugh,2026-09-11T11:20:00.312021,False
2024-04-06,Split,2016,https://boxd.it/dgSy,4.0,False,False,0.9903953829468439,0.5,exact_year,407223.0,Split,2016-07-29,80.0,/pcbKGY8gpRccUVrEZhTLK18Qhpx.jpg,Comedy,Lawrence Côté-Collins,Whitney Lafleur|Marjolaine Beauchamp|Ronald Cyr,2026-09-11T11:20:00.525323,True
2024-04-12,Scary Stories to Tell in the Dark,2019,https://boxd.it/eJTW,,False,False,0.0,1.5,exact_year,417384.0,Scary Stories to Tell in the Dark,2019-08-08,108.0,/uy0dNFbhRhHBLwpOGpcTw9UEwdX.jpg,Horror|Mystery,André Øvredal,Zoe Colletti|Dean Norris|Michael Garza|Gabriel Rush|Gil Bellows,2026-09-11T11:20:00.760006,False
2024-04-12,Mean Girls,2024,https://boxd.it/p6nO,,False,False,0.0,1.5,exact_year,673593.0,Mean Girls,2024-01-10,113.0,/fbbj3viSUDEGT1fFFMNpHP1iUjw.jpg,Comedy,Arturo Perez Jr.|Samantha Jayne,Angourie Rice|Reneé Rapp|Auliʻi Cravalho|Jaquel Spivey|Avantika,2026-09-11T11:20:00.963873,False
2024-04-15,Glass,2019,https://boxd.it/g3uO,,False,False,0.0,1.5,exact_year,450465.0,Glass,2019-01-16,129.0,/svIDTNUoajS8dLEo7EosxvyAsgJ.jpg,Thriller|Drama|Science Fiction,M. Night Shyamalan,James McAvoy|Bruce Willis|Samuel L. Jackson|Sarah Paulson|Anya Taylor-Joy,2026-09-11T11:20:01.175129,True
2024-04-17,Baby Driver,2017,https://boxd.it/bhF2,,False,False,0.0,1.5,exact_year,339403.0,Baby Driver,2017-06-28,113.0,/tYzFuYXmT8LOYASlFCkaPiAFAl0.jpg,Action|Crime,Edgar Wright,Ansel Elgort|Kevin Spacey|Lily James|Jon Hamm|Jamie Foxx,2026-09-11T11:20:01.388078,False
2024-05-12,Mortal Kombat,2021,https://boxd.it/gswA,,False,False,0.0,1.5,exact_year,460465.0,Mortal Kombat,2021-04-07,110.0,/nkayOAUBUu4mMvyNf9iHSUiPjF1.jpg,Action|Fantasy|Adventure,Simon McQuoid,Lewis Tan|Jessica McNamee|Mehcad Brooks|Josh Lawson|Ludi Lin,2026-09-11T11:20:01.604062,False
2024-06-06,Anatomy of a Fall,2023,https://boxd.it/yuDE,4.0,False,False,0.9903953829468439,0.5,exact_year,915935.0,Anatomy of a Fall,2023-08-23,151.0,/1ho0d4LNZw3Y0voeKmSvPSgJOJ2.jpg,Thriller|Mystery|Crime,Justine Triet,Sandra Hüller|Swann Arlaud|Milo Machado-Graner|Antoine Reinartz|Samuel Theis,2026-09-11T11:20:01.805513,True
2024-06-11,Hit Man,2023,https://boxd.it/ANB2,,False,False,0.0,1.5,exact_year,1312509.0,Legendary Hit-man Kunioka Spin-off Kunioka Tours North Osaka and Kyoto edition Our hometown is the best!,2023-07-30,67.0,/1Tq10DGBfYYmrazrKsXLmzU7Eyg.jpg,Action|Comedy,Yugo Sakamoto,Masayuki Ino|Takuya Matsumoto|Tomohiro Miyazaki|Yugo Sakamoto|Kenta Osaka,2026-09-11T11:20:02.005477,False
2024-06-15,Mr. & Mrs. Smith,2005,https://boxd.it/29CG,,False,False,0.0,1.5,exact_year,787.0,Mr. & Mrs. Smith,2005-06-07,120.0,/kjD700RtyhveN3ZbOnSvUSne0Qj.jpg,Action|Comedy|Drama|Thriller,Doug Liman,Angelina Jolie|Brad Pitt|Vince Vaughn|Adam Brody|Kerry Washington,2026-09-11T11:20:03.215141,True
2024-07-23,Shutter Island,2010,https://boxd.it/1U82,,False,False,0.0,1.5,exact_year,11324.0,Shutter Island,2010-02-14,138.0,/nrmXQ0zcZUL8jFLrakWc90IR8z9.jpg,Drama|Thriller|Mystery,Martin Scorsese,Leonardo DiCaprio|Mark Ruffalo|Ben Kingsley|Max von Sydow|Michelle Williams,2026-09-11T11:20:03.452808,True
2024-07-28,Deadpool & Wolverine,2024,https://boxd.it/jq8s,,False,False,0.0,1.5,exact_year,533535.0,Deadpool & Wolverine,2024-07-24,128.0,/8cdWjvZQUExUUTzyp4t6EDMubfO.jpg,Action|Comedy|Science Fiction,Shawn Levy,Ryan Reynolds|Hugh Jackman|Emma Corrin|Matthew Macfadyen|Dafne Keen,2026-09-11T11:20:03.687145,True
2024-08-14,Trap,2024,https://boxd.it/D4nK,0.5,False,False,-2.4909297670236348,0.5,exact_year,1032823.0,Trap,2024-07-31,105.0,/jwoaKYVqPgYemFpaANL941EF94R.jpg,Crime|Horror|Thriller,M. Night Shyamalan,Josh Hartnett|Ariel Donoghue|Saleka Night Shyamalan|Hayley Mills|Jonathan Langdon,2026-09-11T11:20:04.903169,False
2024-08-15,It Ends with Us,2024,https://boxd.it/ENjg,1.0,False,False,-1.993597602742138,0.5,exact_year,1079091.0,It Ends with Us,2024-08-07,131.0,/AjV6jFJ2YFIluYo4GQf13AA1tqu.jpg,Drama|Romance,Justin Baldoni,Blake Lively|Justin Baldoni|Jenny Slate|Brandon Sklenar|Hasan Minhaj,2026-09-11T11:20:05.113688,False
2024-11-24,Marriage Story,2019,https://boxd.it/hJAw,4.0,False,False,0.9903953829468439,0.5,exact_year,492188.0,Marriage Story,2019-09-28,137.0,/2JRyCKaRKyJAVpsIHeLvPw5nHmw.jpg,Drama,Noah Baumbach,Adam Driver|Scarlett Johansson|Laura Dern|Alan Alda|Ray Liotta,2026-09-11T11:20:05.332789,True
2024-11-26,Interstellar,2014,https://boxd.it/4VZ8,3.5,False,False,0.4930632186653469,0.5,exact_year,157336.0,Interstellar,2014-11-05,169.0,/yQvGrMoipbRoddT0ZR8tPoR7NfX.jpg,Adventure|Drama|Science Fiction,Christopher Nolan,Matthew McConaughey|Anne Hathaway|Michael Caine|Jessica Chastain|Casey Affleck,2026-09-11T11:20:05.544157,True
2024-11-30,Wicked,2024,https://boxd.it/e8ME,3.5,False,False,0.4930632186653469,0.5,exact_year,402431.0,Wicked,2024-10-16,162.0,/xDGbZ0JJ3mYaGKy4Nzd9Kph6M9L.jpg,Drama|Romance|Fantasy,Jon M. Chu,Cynthia Erivo|Ariana Grande|Michelle Yeoh|Jonathan Bailey|Ethan Slater,2026-09-11T11:20:05.760312,True
2024-12-18,Carry-On,2024,https://boxd.it/C0B2,3.0,False,False,-0.004268945616150054,0.5,exact_year,1005331.0,Carry-On,2024-12-05,120.0,/sjMN7DRi4sGiledsmllEw5HJjPy.jpg,Thriller|Action,Jaume Collet-Serra,Taron Egerton|Jason Bateman|Sofia Carson|Danielle Deadwyler|Theo Rossi,2026-09-11T11:20:05.979870,False
2025-01-04,The Big Short,2015,https://boxd.it/ajZw,4.0,False,False,0.9903953829468439,0.5,exact_year,318846.0,The Big Short,2015-12-11,131.0,/scVEaJEwP8zUix8vgmMoJJ9Nq0w.jpg,Comedy|Drama,Adam McKay,Steve Carell|Christian Bale|Ryan Gosling|Brad Pitt|Marisa Tomei,2026-09-11T11:20:06.192860,True
2025-01-04,A Complete Unknown,2024,https://boxd.it/oBYa,4.0,False,False,0.9903953829468439,0.5,exact_year,661539.0,A Complete Unknown,2024-12-25,141.0,/llWl3GtNoXosbvYboelmoT459NM.jpg,Drama|Music,James Mangold,Timothée Chalamet|Edward Norton|Elle Fanning|Monica Barbaro|Scoot McNairy,2026-09-11T11:20:06.407856,True
2025-01-18,A Real Pain,2024,https://boxd.it/CjNG,4.0,False,False,0.9903953829468439,0.5,exact_year,1013850.0,A Real Pain,2024-11-01,90.0,/yaTFjMNh8D78dDHrglivOTv5YOx.jpg,Comedy|Drama,Jesse Eisenberg,Jesse Eisenberg|Kieran Culkin|Will Sharpe|Jennifer Grey|Kurt Egyiawan,2026-09-11T11:20:06.619361,True
2025-01-25,Emilia Pérez,2024,https://boxd.it/AP3G,1.0,False,False,-1.993597602742138,0.5,exact_year,974950.0,Emilia Pérez,2024-08-21,132.0,/7seqaCaaXDNUHOx4DqwpoOH8pPa.jpg,Drama|Thriller,Jacques Audiard,Zoe Saldaña|Karla Sofía Gascón|Selena Gomez|Adriana Paz|Edgar Ramírez,2026-09-11T11:20:06.838868,False
2025-03-03,Anora,2024,https://boxd.it/Egcw,,False,False,0.0,1.5,exact_year,1064213.0,Anora,2024-10-14,139.0,/cgXk2tNYhJZLXdBDO5DidAVzQ82.jpg,Drama|Comedy|Romance,Sean Baker,Mikey Madison|Mark Eydelshteyn|Yura Borisov|Karren Karagulian|Vache Tovmasyan,2026-09-11T11:20:07.047506,False
2025-05-19,Conclave,2024,https://boxd.it/AO8q,3.5,False,False,0.4930632186653469,0.5,exact_year,974576.0,Conclave,2024-10-25,120.0,/m5x8D0bZ3eKqIVWZ5y7TnZ2oTVg.jpg,Drama|Thriller,Edward Berger,Ralph Fiennes|Stanley Tucci|John Lithgow|Isabella Rossellini|Lucian Msamati,2026-09-11T11:20:07.284733,True
2025-05-23,Sing Sing,2023,https://boxd.it/HIBA,4.0,True,False,0.9903953829468439,0.5,exact_year,1144610.0,Pinkfong Sing-Along Movie 3: Catch the Gingerbread Man,2023-07-26,65.0,/56sTHCbic95BFzuIXOkDutOwDzj.jpg,Animation|Family|Music,Byeon Hee-sun|Baek So-hyeon|Im Da-yeong|Jeong Ji-eun,Jo Kyoung-i|Lee So-eun|Park Yo-han|Kim Sae-hae|Jang Ye-na,2026-09-11T11:20:07.494791,True
2025-06-09,Ocean's Eleven,2001,https://boxd.it/2aZm,,False,False,0.0,1.5,exact_year,161.0,Ocean's Eleven,2001-12-07,116.0,/hQQCdZrsHtZyR6NbKH2YyCqd2fR.jpg,Thriller|Crime,Steven Soderbergh,George Clooney|Brad Pitt|Andy Garcia|Matt Damon|Julia Roberts,2026-09-11T11:20:07.712093,False
2025-06-26,Borat: Cultural Learnings of America for Make Benefit Glorious Nation of Kazakhstan,2006,https://boxd.it/2agQ,,False,False,0.0,1.5,exact_year,496.0,Borat: Cultural Learnings of America for Make Benefit Glorious Nation of Kazakhstan,2006-11-01,84.0,/7g9kBHMN2KTr5KUf8aen187Mdn.jpg,Comedy,Larry Charles,Sacha Baron Cohen|Ken Davitian|Luenell|Alex Daniels|Jim Vickers,2026-09-11T11:20:07.929650,False
2025-07-12,Superman,2025,https://boxd.it/E9IU,,False,False,0.0,1.5,exact_year,1061474.0,Superman,2025-07-09,130.0,/ldyfo0BKmz5rWtJJKCvwaNS4cJT.jpg,Science Fiction|Adventure|Action,James Gunn,David Corenswet|Rachel Brosnahan|Nicholas Hoult|Edi Gathegi|Nathan Fillion,2026-09-11T11:20:08.142005,True
2025-07-16,Challengers,2024,https://boxd.it/zld0,,False,False,0.0,1.5,exact_year,937287.0,Challengers,2024-04-18,132.0,/H6vke7zGiuLsz4v4RPeReb9rsv.jpg,Drama|Romance,Luca Guadagnino,Zendaya|Mike Faist|Josh O'Connor|Darnell Appling|Bryan Doo,2026-09-11T11:20:08.358148,False
2025-07-16,Mickey 17,2025,https://boxd.it/q1Dk,,False,False,0.0,1.5,exact_year,696506.0,Mickey 17,2025-02-28,137.0,/edKpE9B5qN3e559OuMCLZdW1iBZ.jpg,Science Fiction|Comedy|Adventure,Bong Joon Ho,Robert Pattinson|Naomi Ackie|Steven Yeun|Mark Ruffalo|Toni Collette,2026-09-11T11:20:08.568003,False
2025-07-20,The Matrix,1999,https://boxd.it/2a1m,,False,False,0.0,1.5,exact_year,603.0,The Matrix,1999-03-31,136.0,/aOIuZAjPaRIE6CMzbazvcHuHXDc.jpg,Action|Science Fiction,Lana Wachowski|Lilly Wachowski,Keanu Reeves|Laurence Fishburne|Carrie-Anne Moss|Hugo Weaving|Gloria Foster,2026-09-11T11:20:08.780644,False
2025-07-23,Anchorman: The Legend of Ron Burgundy,2004,https://boxd.it/1ZVo,,False,False,0.0,1.5,exact_year,8699.0,Anchorman: The Legend of Ron Burgundy,2004-06-28,95.0,/mhZIcRePT7U8viFQVjt1ZjYIsR4.jpg,Comedy,Adam McKay,Will Ferrell|Christina Applegate|Paul Rudd|Steve Carell|David Koechner,2026-09-11T11:20:08.983349,False
2025-08-01,Happy Gilmore 2,2025,https://boxd.it/M8PQ,,False,False,0.0,1.5,exact_year,1263256.0,Happy Gilmore 2,2025-07-25,118.0,/E3dPHPJigkXwuiE0n1vzz0se8a.jpg,Comedy,Kyle Newacheck,Adam Sandler|Julie Bowen|Christopher McDonald|Benny Safdie|Ben Stiller,2026-09-11T11:20:09.191877,False
2025-08-01,Happy Gilmore,1996,https://boxd.it/1Yey,,False,False,0.0,1.5,exact_year,9614.0,Happy Gilmore,1996-02-16,92.0,/4RnCeRzvI1xk5tuNWjpDKzSnJDk.jpg,Comedy,Dennis Dugan,Adam Sandler|Christopher McDonald|Julie Bowen|Frances Bay|Carl Weathers,2026-09-11T11:20:09.439679,False
2025-08-02,Mulholland Drive,2001,https://boxd.it/297o,5.0,True,False,1.9850597115098378,0.5,exact_year,1018.0,Mulholland Drive,2001-06-06,147.0,/x7A59t6ySylr1L7aubOQEA480vM.jpg,Thriller|Drama|Mystery,David Lynch,Naomi Watts|Laura Harring|Justin Theroux|Ann Miller|Mark Pellegrino,2026-09-11T11:20:09.654269,True
2025-11-23,The Substance,2024,https://boxd.it/zanS,,False,False,0.0,1.5,exact_year,933260.0,The Substance,2024-09-07,141.0,/vhbQQdPnfLUxhdXhREITF5cYppT.jpg,Horror|Science Fiction,Coralie Fargeat,Demi Moore|Margaret Qualley|Dennis Quaid|Edward Hamilton-Clark|Gore Abrams,2026-09-11T11:20:09.878946,False
2025-12-09,Wicked: For Good,2025,https://boxd.it/AyfK,3.0,False,False,-0.004268945616150054,0.5,exact_year,967941.0,Wicked: For Good,2025-11-19,137.0,/si9tolnefLSUKaqQEGz1bWArOaL.jpg,Fantasy|Adventure|Romance,Jon M. Chu,Cynthia Erivo|Ariana Grande|Jeff Goldblum|Michelle Yeoh|Jonathan Bailey,2026-09-11T11:20:10.095216,False
2025-12-16,Wake Up Dead Man,2025,https://boxd.it/uAKS,4.0,False,False,0.9903953829468439,0.5,exact_year,812583.0,Wake Up Dead Man: A Knives Out Mystery,2025-11-26,145.0,/iV9LM8aUb83BjCCx2RUnKE5sSQg.jpg,Thriller|Mystery|Comedy,Rian Johnson,Daniel Craig|Josh O'Connor|Glenn Close|Josh Brolin|Mila Kunis,2026-09-11T11:20:10.301968,True
2025-12-31,One Battle After Another,2025,https://boxd.it/DUHM,5.0,False,False,1.9850597115098378,0.5,exact_year,1054867.0,One Battle After Another,2025-09-23,162.0,/lbBWwxBht4JFP5PsuJ5onpMqugW.jpg,Thriller|Crime|Comedy,Paul Thomas Anderson,Leonardo DiCaprio|Sean Penn|Chase Infiniti|Benicio del Toro|Regina Hall,2026-09-11T11:20:10.499409,True
2026-01-01,Marty Supreme,2025,https://boxd.it/Off0,3.5,False,False,0.4930632186653469,0.5,exact_year,1317288.0,Marty Supreme,2025-12-19,150.0,/lYWEXbQgRTR4ZQleSXAgRbxAjvq.jpg,Drama|Thriller,Josh Safdie,"Timothée Chalamet|Gwyneth Paltrow|Odessa A'zion|Kevin O'Leary|Tyler, The Creator",2026-09-11T11:20:10.706956,True
2026-01-20,People We Meet on Vacation,2026,https://boxd.it/D8ME,,False,False,0.0,1.5,exact_year,1034716.0,People We Meet on Vacation,2026-01-06,116.0,/peG6482ALJQ9Tbvv2P38BquVk0f.jpg,Comedy|Romance,Brett Haley,Emily Bader|Tom Blyth|Sarah Catherine Hook|Jameela Jamil|Miles Heizer,2026-09-11T11:20:10.915938,True
2026-01-20,Beautiful Boy,2018,https://boxd.it/g76Q,,False,False,0.0,1.5,exact_year,451915.0,Beautiful Boy,2018-10-12,121.0,/u2Gfv0mz3xePsgyCPHovrnFL1sB.jpg,Drama,Felix van Groeningen,Steve Carell|Timothée Chalamet|Maura Tierney|Amy Ryan|Christian Convery,2026-09-11T11:20:11.127300,False
2026-01-24,21 Jump Street,2012,https://boxd.it/J0,,False,False,0.0,1.5,exact_year,64688.0,21 Jump Street,2012-03-14,109.0,/8v3Sqv9UcIUC4ebmpKWROqPBINZ.jpg,Action|Comedy|Crime,Phil Lord|Christopher Miller,Jonah Hill|Channing Tatum|Brie Larson|Dave Franco|Rob Riggle,2026-09-11T11:20:11.358258,False
2026-02-10,Bugonia,2025,https://boxd.it/qeWY,,False,False,0.0,1.5,exact_year,701387.0,Bugonia,2025-10-23,119.0,/rSdOua3wKMEaFWDcKAYWRjXQWOt.jpg,Science Fiction|Thriller|Comedy,Yorgos Lanthimos,Emma Stone|Jesse Plemons|Aidan Delbis|Stavros Halkias|Alicia Silverstone,2026-09-11T11:20:11.565912,False
2026-03-01,Wuthering Heights,2026,https://boxd.it/OdIa,,False,False,0.0,1.5,exact_year,1316092.0,“Wuthering Heights”,2026-02-11,136.0,/3YBce6dTh1D5oCMITXk2S5QhPt.jpg,Romance|Drama,Emerald Fennell,Margot Robbie|Jacob Elordi|Hong Chau|Shazad Latif|Alison Oliver,2026-09-11T11:20:11.781665,False
2026-03-04,Train Dreams,2025,https://boxd.it/LdDo,,False,False,0.0,1.5,exact_year,1241983.0,Train Dreams,2025-11-05,102.0,/jnaOmD9PmAkNjgVtCn17o7clOYe.jpg,Drama,Clint Bentley,Joel Edgerton|Felicity Jones|Nathaniel Arcand|Clifton Collins Jr.|John Diehl,2026-09-11T11:20:11.997550,True
2026-03-08,Frankenstein,2025,https://boxd.it/Ecsg,2.5,False,False,-0.5016011098976471,0.5,exact_year,1062722.0,Frankenstein,2025-10-17,150.0,/g4JtvGlQO7DByTI6frUobqvSL3R.jpg,Drama|Fantasy|Horror,Guillermo del Toro,Oscar Isaac|Jacob Elordi|Christoph Waltz|Mia Goth|Felix Kammerer,2026-09-11T11:20:12.215600,False
2026-03-09,F1,2025,https://boxd.it/yjVM,,False,False,0.0,1.5,exact_year,911430.0,F1,2025-06-25,156.0,/9PXZIUsSDh4alB80jheWX4fhZmy.jpg,Action|Drama,Joseph Kosinski,Brad Pitt|Damson Idris|Javier Bardem|Kerry Condon|Tobias Menzies,2026-09-11T11:20:12.418840,False
2026-03-09,Hamnet,2025,https://boxd.it/woVy,,True,False,0.5,1.5,exact_year,858024.0,Hamnet,2025-11-26,125.0,/vbeyOZm2bvBXcbgPD3v6o94epPX.jpg,Drama|Romance,Chloé Zhao,Jessie Buckley|Paul Mescal|Emily Watson|Joe Alwyn|Jacobi Jupe,2026-09-11T11:20:12.639029,True
2026-04-05,Project Hail Mary,2026,https://boxd.it/pEeQ,4.0,False,False,0.9903953829468439,0.5,exact_year,687163.0,Project Hail Mary,2026-03-15,157.0,/yihdXomYb5kTeSivtFndMy5iDmf.jpg,Science Fiction|Adventure,Phil Lord|Christopher Miller,Ryan Gosling|Sandra Hüller|James Ortiz|Lionel Boyce|Milana Vayntrub,2026-09-11T11:20:12.851032,True
2026-05-04,Crime 101,2026,https://boxd.it/IoGs,2.0,False,False,-0.998933274179144,0.5,exact_year,1171145.0,Crime 101,2026-02-11,141.0,/tVvpFIoteRHNnoZMhdnwIVwJpCA.jpg,Crime|Thriller,Bart Layton,Chris Hemsworth|Mark Ruffalo|Halle Berry|Barry Keoghan|Monica Barbaro,2026-09-11T11:20:13.069288,False
2026-07-21,The Odyssey,2026,https://boxd.it/QFQU,,True,False,0.5,1.5,exact_year,1368337.0,The Odyssey,2026-07-15,173.0,/5rhTDKUhPYvpdQIijFIs5VoWsON.jpg,Adventure|Action|Fantasy,Christopher Nolan,Matt Damon|Tom Holland|Anne Hathaway|Robert Pattinson|Himesh Patel,2026-09-11T11:20:13.276681,True
2026-08-02,Spider-Man: Brand New Day,2026,https://boxd.it/ACJE,,False,False,0.0,1.5,exact_year,969681.0,Spider-Man: Brand New Day,2026-07-29,145.0,/bjiS5ipwxb9JFy3XRRN4OAilSeX.jpg,Science Fiction|Action|Adventure,Destin Daniel Cretton,Tom Holland|Zendaya|Mark Ruffalo|Jon Bernthal|Jacob Batalon,2026-09-11T11:20:13.480224,False
2026-08-07,Voicemails for Isabelle,2026,https://boxd.it/mJVk,,False,False,0.0,1.5,exact_year,614945.0,Voicemails for Isabelle,2026-06-20,119.0,/canZTWSxACSnAluir3dCtMxKpA1.jpg,Romance|Comedy|Drama,Leah McKendrick,Zoey Deutch|Nick Robinson|Harry Shum Jr.|Leah McKendrick|Ciara Bravo,2026-09-11T11:20:13.699930,False
2026-08-09,Taken,2008,https://boxd.it/1ZXa,,False,False,0.0,1.5,exact_year,8681.0,Taken,2008-02-18,94.0,/ognkaUSNgJe1a2pjB4UNdzEo5jT.jpg,Action|Thriller,Pierre Morel,Liam Neeson|Maggie Grace|Famke Janssen|Olivier Rabourdin|Katie Cassidy,2026-09-11T11:20:13.909123,False
2026-08-17,The Fast and the Furious,2001,https://boxd.it/1XMu,,False,False,0.0,1.5,exact_year,9799.0,The Fast and the Furious,2001-06-22,106.0,/gqY0ITBgT7A82poL9jv851qdnIb.jpg,Action|Crime|Thriller,Rob Cohen,Paul Walker|Vin Diesel|Michelle Rodriguez|Jordana Brewster|Rick Yune,2026-09-11T13:45:12.706445,False
